 BEGINING,TEST,HERE
"(577, 407)","(673, 407)","(703.9555972482802, 521)"
"(577, 407)","(674, 408)","(720.5572232645404, 564)"
"(577, 406)","(674, 408)","(690.5190789473684, 532)"
"(577, 407)","(674, 408)","(728.948076923077, 544)"
"(577, 406)","(674, 409)","(697.2721153846154, 541)"
"(576, 406)","(674, 408)","(688.7116948092558, 553)"
"(577, 407)","(673, 408)","(689.9671052631578, 587)"
"(577, 407)","(674, 408)","(665.5961538461538, 544)"
"(578, 406)","(675, 408)","(698.386858974359, 512)"
"(578, 407)","(674, 408)","(697.4282051282051, 532)"
"(577, 407)","(674, 409)","(690.5190789473684, 513)"
"(578, 407)","(675, 408)","(705.6450906816762, 512)"
"(578, 407)","(675, 408)","(705.6450906816762, 523)"
"(577, 406)","(674, 408)","(697.2721153846154, 512)"
"(578, 407)","(675, 408)","(714.0493589743589, 501)"
"(578, 407)","(676, 408)","(715.0211538461538, 544)"
"(577, 407)","(674, 409)","(697.2721153846154, 533)"
"(577, 407)","(674, 408)","(697.2721153846154, 483)"
"(576, 407)","(672, 408)","(671.609756097561, 522)"
"(575, 407)","(672, 408)","(662.2786585365855, 501)"
"(575, 407)","(673, 407)","(680.0000000000001, 514)"
Accuarcy Avg,43.684066888322164,N/A
Accuarcy,"[43.75101826315371, 45.97005752355958, 43.61392359236194, 45.585107906806314, 44.22892157094472, 44.35556415627854, 45.71779355851868, 43.09797426238207, 43.181016630837384, 43.89429196402359, 42.883153142658024, 43.49058218335437, 43.895102620477246, 43.13341964084676, 43.45572677718263, 45.03981613181261, 43.9258124349881, 42.05286089222314, 42.440319643250916, 41.179299266994676, 42.473642492110336]",N/A
Precision,0.04031701701485373,N/A
=====,=====,=====
"(575, 408)","(673, 408)","(711.5999999999999, 515)"
"(576, 407)","(673, 408)","(718.6241400875548, 470)"
"(577, 407)","(675, 409)","(736.4015009380863, 513)"
"(575, 408)","(672, 409)","(733.4606003752345, 545)"
"(576, 408)","(672, 409)","(726.8, 525)"
"(576, 407)","(673, 409)","(734.6369606003753, 513)"
"(576, 407)","(673, 409)","(718.6241400875548, 513)"
"(578, 408)","(675, 409)","(745.7759615384615, 545)"
"(576, 407)","(675, 408)","(726.5716463414634, 501)"
"(577, 407)","(674, 409)","(735.813320825516, 513)"
"(578, 407)","(675, 409)","(714.0493589743589, 513)"
"(577, 407)","(676, 409)","(721.7091932457787, 513)"
"(577, 407)","(675, 407)","(736.4015009380863, 453)"
"(578, 407)","(676, 409)","(730.696153846154, 554)"
"(579, 407)","(677, 408)","(731.8615384615385, 483)"
"(578, 407)","(676, 409)","(730.696153846154, 554)"
"(578, 407)","(677, 408)","(738.9509068167605, 483)"
"(578, 406)","(677, 409)","(747.3685897435898, 532)"
"(578, 407)","(676, 409)","(762.448076923077, 534)"
"(577, 407)","(675, 408)","(729.5307692307692, 522)"
"(579, 407)","(676, 408)","(737.3124999999999, 483)"
"(578, 407)","(677, 409)","(731.6810897435898, 534)"
Accuarcy Avg,32.83545274803435,N/A
Accuarcy,"[32.563368351927565, 29.25525419729352, 32.87388350974553, 35.08424347804067, 33.5526244970278, 32.83721164415098, 32.53224323487556, 35.315482911133344, 31.790748351004634, 32.861593399635, 32.45456920589026, 32.587030659402465, 28.35736585072231, 35.65697520823597, 30.551412714478595, 35.65697520823597, 30.719773378005904, 34.45251423478138, 34.92683573151045, 33.38710902637161, 30.679907466868038, 34.28283819741813]",N/A
Precision,0.023029064750537218,N/A
=====,=====,=====
"(588, 406)","(686, 408)","(781.2113821138212, 532)"
"(588, 406)","(687, 407)","(804.4642857142857, 513)"
"(588, 405)","(686, 408)","(772.3333333333334, 511)"
"(587, 406)","(685, 408)","(758.4646983311939, 532)"
"(586, 405)","(684, 407)","(788.0512820512821, 481)"
"(587, 405)","(685, 407)","(779.984990619137, 481)"
"(587, 405)","(686, 408)","(822.553846153846, 511)"
"(588, 405)","(686, 407)","(791.956996148909, 481)"
"(588, 405)","(686, 407)","(781.2113821138212, 481)"
"(588, 405)","(685, 408)","(783.8999999999999, 511)"
"(588, 406)","(686, 408)","(802.4646341463415, 543)"
"(589, 405)","(688, 407)","(799.4227642276422, 499)"
"(589, 405)","(687, 408)","(782.4377736085054, 511)"
"(589, 405)","(688, 407)","(767.4777986241401, 502)"
"(589, 405)","(687, 407)","(788.7362637362638, 481)"
"(589, 405)","(688, 407)","(825.1384615384615, 481)"
"(590, 405)","(689, 407)","(811.8940949935815, 481)"
"(590, 406)","(687, 408)","(786.3631578947368, 543)"
"(590, 405)","(688, 408)","(767.2795497185742, 542)"
"(590, 405)","(689, 407)","(779.4675866495508, 513)"
"(590, 406)","(689, 408)","(784.2773608505316, 543)"
Accuarcy Avg,34.60769429019881,N/A
Accuarcy,"[36.353376023151164, 34.41777691063435, 35.34971544100166, 37.095024055793225, 32.872265625361756, 33.17794349779083, 33.748836701881736, 32.727314675750115, 33.13093636237126, 34.95199187795848, 36.416166735840726, 33.65519089461926, 35.00140312986966, 34.96888145653464, 32.846696332480015, 31.586744943440323, 32.02131895455782, 36.875573195018, 37.399101055134125, 35.22798052890748, 36.93734169607841]",N/A
Precision,0.027367888713772433,N/A
=====,=====,=====
"(590, 405)","(688, 408)","(810.0288831835687, 464)"
"(591, 405)","(689, 407)","(848.9305816135084, 481)"
"(589, 405)","(689, 407)","(816.4333958724202, 542)"
"(589, 405)","(688, 407)","(831.3677298311444, 481)"
"(590, 405)","(688, 408)","(836.5445121951219, 511)"
"(590, 406)","(688, 407)","(847.6041275797372, 555)"
"(587, 405)","(685, 408)","(800.021052631579, 511)"
"(586, 405)","(686, 407)","(812.6003752345215, 481)"
"(587, 406)","(685, 408)","(805.5999999999999, 543)"
"(587, 406)","(687, 407)","(845.7479674796748, 513)"
"(587, 405)","(686, 408)","(828.7636022514071, 511)"
"(587, 405)","(687, 407)","(834.8052631578946, 481)"
"(586, 405)","(687, 407)","(838.874358974359, 481)"
"(586, 406)","(685, 407)","(816.1157894736842, 503)"
"(586, 405)","(685, 407)","(816.4625, 481)"
"(586, 406)","(685, 407)","(837.1490384615385, 513)"
"(585, 406)","(684, 407)","(826.1594746716697, 513)"
"(585, 406)","(684, 407)","(826.1594746716697, 513)"
"(586, 405)","(685, 407)","(816.4625, 481)"
"(586, 406)","(684, 407)","(804.3333333333333, 531)"
"(585, 405)","(685, 407)","(836.8974358974359, 499)"
Accuarcy Avg,46.1461246535831,N/A
Accuarcy,"[45.67058010051003, 44.42539070725609, 47.634940344998626, 45.20438593664093, 45.891340497548846, 46.85680581708598, 47.385403514928264, 46.02394912645548, 48.076547366978005, 45.572168191826016, 46.21311822620443, 45.05279897047499, 44.872795887692504, 46.49997847048566, 45.85642953660603, 45.928331401591564, 46.38050330893484, 46.38050330893484, 45.85642953660603, 47.77937885268964, 45.50683862079639]",N/A
Precision,0.05030817474604153,N/A
=====,=====,=====
"(583, 406)","(683, 408)","(872.1069418386493, 553)"
"(585, 407)","(683, 408)","(861.3121951219512, 567)"
"(583, 406)","(683, 407)","(872.1069418386493, 521)"
"(583, 406)","(682, 406)","(875.7692307692307, 523)"
"(584, 406)","(684, 407)","(893.0121951219513, 531)"
"(584, 406)","(683, 407)","(866.5955128205128, 503)"
"(584, 407)","(684, 407)","(877.548780487805, 532)"
"(585, 406)","(683, 407)","(872.6916823014384, 521)"
"(585, 405)","(683, 407)","(851.023076923077, 499)"
"(585, 406)","(685, 407)","(897.3552631578948, 531)"
"(585, 406)","(684, 407)","(840.7125, 521)"
"(586, 406)","(684, 407)","(857.25, 542)"
"(586, 405)","(685, 407)","(842.0375, 481)"
"(585, 405)","(684, 407)","(862.3783536585365, 499)"
"(585, 406)","(683, 407)","(862.5736842105264, 575)"
"(585, 406)","(682, 407)","(860.9102564102565, 531)"
"(584, 406)","(682, 407)","(823.4146341463414, 521)"
"(584, 406)","(682, 407)","(865.9115384615385, 586)"
"(584, 406)","(682, 408)","(839.6454033771106, 587)"
"(585, 405)","(682, 407)","(867.3013478818998, 520)"
"(584, 406)","(682, 407)","(871.3151969981238, 531)"
"(584, 405)","(683, 407)","(888.247029393371, 499)"
Accuarcy Avg,56.640941042339925,N/A
Accuarcy,"[56.741499331479766, 57.249353916038274, 56.28338227674021, 56.202219722010014, 55.80065455920417, 56.203290677535215, 56.27786286866943, 56.26594858786922, 56.6184637043239, 55.669021573277334, 57.199944076225364, 57.00852535437248, 56.665644225891675, 56.27800478071655, 57.331395659158154, 56.751262307147925, 57.68889639503671, 57.40368267750342, 58.11941215375693, 56.41238099822933, 56.44743779488032, 55.48241929141193]",N/A
Precision,0.0703577103358238,N/A
=====,=====,=====
"(578, 408)","(678, 408)","(716.1615384615384, 557)"
"(580, 408)","(679, 409)","(749.7506410256411, 523)"
"(580, 407)","(679, 408)","(677.5293933708568, 522)"
"(580, 407)","(678, 409)","(701.1737179487179, 533)"
"(579, 407)","(677, 408)","(683.9564102564103, 522)"
"(579, 408)","(677, 408)","(668.2564102564103, 547)"
"(579, 408)","(678, 409)","(700.6163461538462, 545)"
"(579, 408)","(678, 409)","(732.4442307692308, 544)"
"(578, 408)","(678, 408)","(716.1615384615384, 491)"
"(579, 407)","(678, 408)","(732.4442307692308, 522)"
"(577, 408)","(675, 409)","(673.7623514696686, 589)"
"(578, 407)","(676, 408)","(682.8673076923078, 522)"
"(579, 407)","(677, 408)","(700.0589743589744, 522)"
"(579, 407)","(676, 408)","(708.4144736842105, 522)"
"(580, 407)","(677, 407)","(716.3288461538461, 521)"
"(579, 407)","(677, 408)","(715.7589743589743, 543)"
"(579, 407)","(675, 408)","(650.7134615384615, 568)"
"(579, 406)","(678, 409)","(707.0625, 543)"
"(581, 406)","(678, 408)","(710.6723684210526, 487)"
"(579, 406)","(677, 407)","(700.0589743589744, 508)"
"(580, 407)","(678, 407)","(685.045512820513, 533)"
"(580, 406)","(677, 408)","(691.7823639774859, 540)"
Accuarcy Avg,37.9582763722968,N/A
Accuarcy,"[39.51631941609269, 40.59166015883026, 36.19482561553519, 37.967188939751296, 36.60055656350728, 36.386872700801675, 38.27123217588761, 40.09538750437384, 37.878331148949655, 39.55945363356528, 38.153730383809766, 36.532015881391104, 37.60354976372474, 38.11614871308484, 38.57199150490638, 39.10588055116697, 36.06708332494595, 38.59554081568009, 37.44577482195977, 37.24745601940117, 36.982943373135534, 37.598137180028495]",N/A
Precision,0.03668871812343562,N/A
=====,=====,=====
"(580, 406)","(678, 406)","(758.9381578947368, 545)"
"(578, 405)","(678, 406)","(708.1200750469044, 519)"
"(579, 406)","(678, 407)","(716.7317307692307, 552)"
"(579, 406)","(678, 406)","(732.4442307692308, 507)"
"(578, 406)","(677, 406)","(740.1282051282052, 520)"
"(579, 406)","(677, 406)","(715.7589743589743, 520)"
"(580, 406)","(678, 406)","(748.751923076923, 575)"
"(580, 405)","(676, 406)","(724.6789473684211, 519)"
"(579, 406)","(677, 406)","(722.1999999999999, 520)"
"(581, 405)","(679, 405)","(749.9423076923077, 506)"
"(579, 406)","(678, 406)","(716.7317307692307, 520)"
"(580, 405)","(678, 406)","(726.6605263157895, 519)"
"(579, 406)","(679, 406)","(749.1551282051283, 545)"
"(580, 405)","(677, 406)","(732.0413461538461, 519)"
"(579, 405)","(679, 406)","(733.0269230769231, 528)"
"(580, 405)","(679, 406)","(749.7506410256411, 519)"
"(580, 405)","(679, 405)","(749.3471153846153, 506)"
"(580, 405)","(679, 405)","(743.8039473684211, 519)"
"(579, 405)","(676, 406)","(730.8766025641024, 551)"
"(579, 405)","(678, 405)","(755.4577861163227, 519)"
"(579, 405)","(679, 405)","(765.2833333333334, 519)"
Accuarcy Avg,19.748639289964046,N/A
Accuarcy,"[22.29419725009444, 17.87309105917902, 21.07965512707882, 17.938267639279484, 19.385503453502004, 18.264219480581012, 24.18819027160222, 18.563610614621922, 18.538362679544772, 18.81498090651365, 18.304517528581293, 18.653783226029677, 21.823271528731254, 18.906146467990524, 19.69749354536674, 19.807569430820802, 18.78076806107972, 19.493522481693358, 21.520279911766732, 20.118793668772, 20.67520075641553]",N/A
Precision,0.02962101172223678,N/A
=====,=====,=====
"(584, 405)","(684, 407)","(778.3252032520325, 541)"
"(582, 405)","(680, 406)","(751.1326923076923, 506)"
"(586, 405)","(685, 406)","(795.6666666666666, 502)"
"(582, 406)","(681, 407)","(771.6912955465588, 575)"
"(585, 405)","(682, 406)","(747.6967105263159, 506)"
"(583, 405)","(683, 406)","(797.0802631578948, 540)"
"(582, 406)","(681, 407)","(752.1326923076924, 521)"
"(583, 406)","(680, 407)","(761.0384615384617, 566)"
"(583, 405)","(683, 407)","(785.975, 507)"
"(584, 406)","(683, 407)","(776.9190118824265, 566)"
"(583, 406)","(684, 406)","(830.2184210526315, 513)"
"(583, 406)","(682, 407)","(789.1312415654522, 542)"
"(583, 405)","(682, 408)","(752.9182692307692, 518)"
"(584, 407)","(683, 407)","(795.9358974358975, 533)"
"(583, 407)","(683, 407)","(801.8, 546)"
"(584, 406)","(683, 407)","(802.4333333333333, 508)"
"(584, 406)","(683, 407)","(802.4333333333333, 521)"
"(584, 407)","(682, 407)","(766.1615853658537, 508)"
"(585, 406)","(685, 407)","(795.040650406504, 521)"
"(585, 406)","(685, 408)","(768.969512195122, 521)"
"(585, 406)","(686, 407)","(805.3740384615385, 495)"
Accuarcy Avg,24.458428036958235,N/A
Accuarcy,"[25.55178039647782, 25.41129908014506, 22.0423327489137, 28.049221998731294, 25.656867098813173, 24.351670618100897, 26.112097283057665, 28.098128869376804, 23.009857262913915, 27.193315270293382, 20.50691505673385, 24.956769753803524, 25.900611125355876, 23.964197715241017, 24.475418289113726, 21.94947977289965, 22.780690089528928, 24.448961202601, 23.2540312257819, 24.97320576272054, 20.9401381555192]",N/A
Precision,0.023100798262470114,N/A
=====,=====,=====
"(586, 406)","(684, 406)","(798.7631578947369, 520)"
"(585, 406)","(685, 406)","(808.9608636977058, 520)"
"(587, 406)","(686, 407)","(822.553846153846, 542)"
"(587, 406)","(687, 406)","(802.8530487804877, 530)"
"(586, 406)","(687, 407)","(838.874358974359, 542)"
"(587, 406)","(686, 406)","(834.1499999999999, 520)"
"(586, 405)","(685, 405)","(816.1157894736842, 519)"
"(587, 405)","(685, 405)","(795.4971857410882, 501)"
"(587, 405)","(686, 405)","(812.4430894308942, 519)"
"(587, 405)","(685, 405)","(779.984990619137, 519)"
"(588, 405)","(688, 405)","(830.71669793621, 519)"
"(587, 405)","(685, 406)","(763.6772983114447, 540)"
"(587, 405)","(686, 405)","(812.4430894308942, 506)"
"(586, 405)","(686, 406)","(796.2926829268292, 530)"
"(587, 405)","(685, 406)","(801.2048780487805, 540)"
"(587, 405)","(687, 405)","(823.1999999999999, 519)"
"(588, 404)","(687, 405)","(824.9037227214377, 497)"
"(586, 405)","(684, 405)","(766.1776315789473, 519)"
"(587, 405)","(687, 405)","(829.4146341463414, 498)"
"(584, 405)","(683, 405)","(790.3788798920378, 493)"
"(585, 404)","(686, 405)","(823.5394736842104, 506)"
"(585, 404)","(686, 405)","(816.9519736842105, 484)"
Accuarcy Avg,42.8078725214647,N/A
Accuarcy,"[43.39319122622004, 42.843064906348985, 42.54594464685446, 43.35869218927501, 41.656563345783034, 41.44684919969048, 42.43297314742023, 43.249869247935436, 42.634559083132864, 44.366944820226784, 41.620325410224766, 45.54944891183542, 42.400658307621285, 43.705900098526925, 43.63890159521876, 42.040928502231324, 41.54153483495341, 45.07733262154889, 41.29973997940021, 43.405916484162326, 41.77829577811529, 41.785561135497744]",N/A
Precision,0.03934736246429938,N/A
=====,=====,=====
"(586, 405)","(685, 404)","(842.9615384615383, 487)"
"(587, 405)","(687, 405)","(867.4934210526317, 543)"
"(589, 404)","(688, 405)","(857.0634615384616, 518)"
"(587, 404)","(687, 404)","(855.4583333333334, 505)"
"(589, 404)","(687, 405)","(878.1976235146967, 518)"
"(588, 405)","(688, 405)","(862.6366479049406, 543)"
"(588, 404)","(688, 405)","(862.6366479049406, 518)"
"(588, 405)","(686, 405)","(833.9671052631578, 529)"
"(588, 405)","(687, 405)","(867.3355263157896, 564)"
"(587, 404)","(687, 405)","(861.2845528455284, 484)"
"(587, 404)","(685, 405)","(821.4999999999999, 539)"
"(586, 404)","(686, 405)","(854.1153846153846, 539)"
"(587, 405)","(686, 405)","(844.2879924953095, 519)"
"(587, 404)","(687, 405)","(855.4583333333334, 484)"
"(587, 405)","(689, 405)","(869.3626373626374, 519)"
"(587, 404)","(686, 405)","(850.0625, 518)"
"(587, 404)","(686, 405)","(855.8841463414633, 539)"
"(586, 405)","(686, 404)","(849.3947368421052, 530)"
"(586, 404)","(686, 404)","(859.9324577861163, 505)"
"(586, 404)","(686, 405)","(849.3947368421052, 539)"
"(587, 404)","(686, 404)","(827.45, 453)"
"(587, 404)","(686, 404)","(844.2879924953095, 505)"
Accuarcy Avg,54.91380135666015,N/A
Accuarcy,"[55.05414565559977, 54.60774652983907, 54.769474097043144, 54.73311627475293, 54.0216302367301, 54.77590722332225, 54.57480955146681, 55.63559643180799, 54.8043912496934, 54.39273881560346, 56.11826121477716, 55.03469442795502, 55.21610801145799, 54.59975726322221, 54.34515980154884, 55.01147072938824, 54.974272815504946, 55.12405906502536, 54.5761480250939, 55.19510370348507, 55.419123899717206, 55.119914823488344]",N/A
Precision,0.10131425372997789,N/A
=====,=====,=====
"(582, 405)","(681, 405)","(695.8742964352722, 540)"
"(583, 406)","(682, 405)","(728.6210131332083, 552)"
"(582, 405)","(680, 405)","(710.7135709818638, 540)"
"(583, 405)","(682, 405)","(737.1057692307693, 540)"
"(583, 405)","(681, 405)","(695.6347717323328, 515)"
"(584, 405)","(681, 405)","(704.6698717948718, 578)"
"(583, 405)","(681, 405)","(695.6347717323328, 515)"
"(583, 405)","(681, 405)","(711.0494058786742, 564)"
"(582, 405)","(681, 405)","(687.7682692307693, 515)"
"(581, 405)","(680, 405)","(710.1504065040651, 589)"
"(582, 405)","(680, 405)","(696.5907894736841, 540)"
"(583, 405)","(682, 405)","(714.891447368421, 527)"
"(582, 405)","(680, 406)","(694.5340838023765, 528)"
"(582, 405)","(681, 405)","(711.2767354596624, 515)"
"(584, 405)","(680, 405)","(719.9128205128205, 493)"
"(582, 405)","(681, 405)","(711.2767354596624, 564)"
"(582, 405)","(681, 405)","(695.8742964352722, 527)"
"(583, 404)","(681, 405)","(695.6347717323328, 527)"
"(583, 405)","(681, 405)","(695.6347717323328, 527)"
"(583, 405)","(681, 406)","(727.2545340838025, 528)"
"(582, 405)","(681, 405)","(713.7611842105264, 564)"
"(580, 405)","(681, 405)","(703.25, 515)"
Accuarcy Avg,35.85811267462807,N/A
Accuarcy,"[35.01972375643189, 37.310913225611344, 36.06902150702997, 37.86814137723929, 35.06207443854253, 35.77683564226292, 35.06207443854253, 36.14373652936728, 34.49651266860473, 36.243230272142604, 35.07101979878368, 36.37432286916698, 34.93739872519932, 36.16388925575454, 36.89429026966416, 36.15953828872676, 35.035820694952356, 35.018674998040936, 35.018674998040936, 37.21850757258836, 36.33182069395967, 35.60225682116453]",N/A
Precision,0.051002958969354466,N/A
=====,=====,=====
"(581, 405)","(682, 404)","(743.6613508442776, 530)"
"(583, 405)","(681, 405)","(745.9263157894737, 589)"
"(583, 405)","(682, 405)","(737.1057692307693, 564)"
"(583, 404)","(680, 405)","(712.9302631578947, 527)"
"(582, 405)","(680, 405)","(719.1782051282051, 564)"
"(583, 405)","(682, 404)","(737.1057692307693, 530)"
"(583, 402)","(681, 403)","(745.9263157894737, 524)"
"(582, 404)","(683, 404)","(744.8389618511569, 563)"
"(584, 403)","(683, 403)","(754.1086538461539, 516)"
"(584, 404)","(683, 403)","(755.4833119383826, 528)"
"(584, 403)","(682, 404)","(728.4052532833022, 538)"
"(583, 404)","(682, 403)","(728.6210131332083, 504)"
"(583, 403)","(681, 403)","(720.3179487179486, 561)"
"(584, 403)","(681, 403)","(714.0592105263158, 525)"
"(585, 403)","(682, 403)","(715.1881578947368, 503)"
"(585, 403)","(683, 403)","(708.4372469635626, 517)"
"(584, 403)","(684, 404)","(740.6161745827984, 548)"
"(584, 403)","(684, 404)","(730.3489681050658, 538)"
"(584, 403)","(684, 403)","(716.5868421052631, 537)"
"(585, 403)","(683, 403)","(748.2868421052632, 561)"
"(585, 402)","(685, 403)","(763.270794246404, 536)"
Accuarcy Avg,10.17187740430921,N/A
Accuarcy,"[10.987116836211, 12.274931425951445, 10.56295280303252, 7.862968733692105, 8.76816496581181, 10.314155669240954, 11.29408261427871, 11.31507050519278, 12.264178247406576, 12.213156536024822, 9.36107209172981, 10.110831310784752, 8.797610596401446, 8.0183656500071, 8.879063749857174, 7.665708519304863, 10.656451773681438, 9.563024832632625, 8.131717620315499, 11.619978687119199, 12.948822321816788]",N/A
Precision,0.029865225577094378,N/A
=====,=====,=====
"(586, 404)","(684, 405)","(759.2577597840756, 543)"
"(587, 404)","(686, 404)","(806.8597560975611, 572)"
"(587, 404)","(687, 404)","(758.6833333333335, 542)"
"(585, 403)","(685, 404)","(773.9826700898589, 538)"
"(586, 403)","(684, 404)","(756.0494223363286, 538)"
"(587, 403)","(686, 404)","(790.1097560975609, 538)"
"(588, 404)","(686, 404)","(784.5157894736841, 572)"
"(586, 403)","(686, 404)","(757.4923076923078, 525)"
"(587, 404)","(685, 404)","(757.2400513478818, 505)"
"(586, 403)","(686, 403)","(790.7137355584083, 503)"
"(585, 403)","(685, 404)","(750.3026315789474, 525)"
"(586, 403)","(686, 404)","(779.984990619137, 525)"
"(585, 404)","(686, 404)","(780.1666666666666, 542)"
"(586, 404)","(686, 405)","(764.4727954971858, 597)"
"(587, 404)","(685, 405)","(766.5473684210526, 588)"
"(587, 404)","(687, 405)","(774.6083333333335, 539)"
"(587, 403)","(686, 404)","(758.0878205128206, 505)"
"(586, 404)","(686, 403)","(790.7137355584083, 495)"
"(584, 403)","(685, 403)","(778.9390243902438, 452)"
"(585, 404)","(685, 404)","(763.270794246404, 517)"
"(587, 404)","(686, 405)","(806.2333333333333, 539)"
"(587, 404)","(685, 405)","(783.2842105263156, 588)"
Accuarcy Avg,19.379632220320374,N/A
Accuarcy,"[20.519564261622044, 16.25967815547638, 20.572194312857903, 19.126616481128654, 20.81838211663823, 17.574998827039273, 18.394017641288315, 20.734540876075112, 20.98600559570126, 17.902563498622325, 21.401480743736364, 18.61118896146883, 18.53494283464183, 20.790915901790854, 20.38396864134303, 19.066172052913146, 20.908182014562787, 18.084464574910438, 20.57095647135254, 20.266607148813367, 15.995709913416151, 18.84875782164948]",N/A
Precision,0.029605765567872873,N/A
=====,=====,=====
"(586, 404)","(688, 404)","(823.6083333333332, 505)"
"(586, 404)","(684, 404)","(794.2464040025015, 492)"
"(586, 404)","(687, 404)","(838.874358974359, 517)"
"(586, 404)","(684, 404)","(788.0512820512821, 550)"
"(585, 404)","(686, 404)","(823.5394736842104, 505)"
"(584, 404)","(684, 404)","(787.2166666666667, 505)"
"(585, 404)","(685, 404)","(826.8105065666041, 484)"
"(585, 404)","(685, 404)","(815.4736842105264, 492)"
"(584, 405)","(685, 404)","(810.6838649155721, 530)"
"(585, 404)","(685, 403)","(820.6153846153845, 486)"
"(585, 405)","(685, 404)","(820.6153846153845, 530)"
"(585, 404)","(684, 404)","(809.890243902439, 529)"
"(586, 404)","(686, 404)","(828.1125703564727, 517)"
"(586, 404)","(685, 405)","(804.9666666666666, 539)"
"(585, 403)","(685, 404)","(821.6688061617458, 525)"
"(585, 404)","(685, 403)","(795.040650406504, 486)"
"(585, 404)","(686, 404)","(811.9615384615383, 563)"
"(585, 404)","(686, 404)","(800.2282894736843, 529)"
"(586, 404)","(684, 404)","(820.2083333333333, 526)"
"(585, 404)","(684, 404)","(787.4307692307692, 505)"
"(585, 403)","(686, 403)","(780.1666666666666, 491)"
"(585, 403)","(683, 404)","(780.8210526315788, 504)"
Accuarcy Avg,41.36198953236164,N/A
Accuarcy,"[40.474882102143695, 42.301340213959335, 39.470842313468324, 42.53018927424056, 40.47912541707731, 42.64450304005123, 40.40710732964271, 41.04284519796258, 41.18973743027562, 40.77121761643543, 40.58359163930831, 41.23904536128279, 40.14823552542568, 41.52742993002962, 40.52705866752745, 42.29182155652441, 41.140134310802424, 41.817268618857106, 40.6150774462263, 42.632158094498216, 43.11507780211916, 43.01508082409795]",N/A
Precision,0.045103174501931485,N/A
=====,=====,=====
"(587, 404)","(686, 405)","(844.2879924953095, 539)"
"(586, 404)","(685, 403)","(837.1490384615385, 489)"
"(586, 403)","(687, 404)","(850.9, 504)"
"(586, 404)","(686, 403)","(828.1125703564727, 528)"
"(587, 403)","(685, 403)","(842.7000000000002, 503)"
"(586, 404)","(685, 404)","(842.9615384615383, 538)"
"(586, 404)","(687, 404)","(865.0966463414634, 505)"
"(586, 404)","(686, 405)","(876.2401500938087, 539)"
"(584, 404)","(684, 404)","(825.5084427767354, 505)"
"(587, 404)","(684, 403)","(814.7435897435898, 486)"
"(587, 402)","(686, 404)","(844.2879924953095, 503)"
"(586, 403)","(685, 404)","(832.0032894736842, 538)"
"(587, 404)","(685, 404)","(832.6578947368421, 563)"
"(587, 404)","(687, 404)","(866.6552631578949, 563)"
"(586, 403)","(687, 404)","(866.8125, 517)"
"(585, 404)","(687, 404)","(854.523076923077, 529)"
"(587, 404)","(687, 404)","(849.851219512195, 453)"
"(587, 404)","(688, 404)","(878.3067542213885, 529)"
"(586, 404)","(686, 404)","(849.3947368421052, 505)"
"(586, 404)","(688, 405)","(871.7916666666666, 539)"
"(586, 404)","(685, 405)","(837.1490384615385, 539)"
"(586, 404)","(686, 404)","(864.4170731707317, 505)"
Accuarcy Avg,54.48373547711223,N/A
Accuarcy,"[54.632556665316095, 54.94649853267158, 54.42581131406814, 55.206483694518134, 54.72149160098411, 54.68004002850937, 53.904938879415404, 53.4562164480639, 55.3209697938872, 55.72582278958941, 54.66490134331745, 55.06753111777963, 55.05658050975605, 53.82951036628881, 53.823662331041426, 54.265896702055606, 54.613375788300566, 53.38096921632288, 54.478388522235434, 53.62401462145059, 54.886432074514836, 53.93008815638239]",N/A
Precision,0.07293309889648245,N/A
=====,=====,=====
"(582, 405)","(678, 405)","(678.0789473684212, 564)"
"(582, 404)","(681, 404)","(719.7480769230768, 492)"
"(581, 405)","(681, 405)","(687.6282051282052, 564)"
"(582, 405)","(679, 404)","(677.8170731707316, 530)"
"(581, 404)","(679, 404)","(663.1578947368422, 492)"
"(580, 404)","(681, 405)","(670.0984756097561, 500)"
"(582, 405)","(680, 404)","(678.3250000000002, 530)"
"(582, 404)","(682, 404)","(718.3219512195122, 492)"
"(582, 405)","(681, 404)","(703.9605769230769, 581)"
"(584, 404)","(682, 405)","(728.4052532833022, 551)"
"(583, 405)","(681, 405)","(679.4296435272045, 515)"
"(583, 404)","(682, 406)","(698.2467105263157, 552)"
"(584, 405)","(681, 406)","(704.6698717948718, 528)"
"(583, 405)","(682, 405)","(696.1851156973108, 541)"
"(583, 405)","(684, 406)","(706.5961538461538, 578)"
"(583, 405)","(682, 406)","(673.0448717948718, 578)"
"(585, 405)","(684, 405)","(714.6557223264541, 552)"
"(585, 404)","(684, 405)","(698.3864915572233, 500)"
"(583, 405)","(683, 406)","(705.6326923076923, 578)"
"(584, 404)","(683, 406)","(713.5293933708568, 552)"
"(583, 405)","(682, 405)","(649.9769736842105, 541)"
"(584, 405)","(683, 405)","(713.5293933708568, 541)"
Accuarcy Avg,35.39427858915366,N/A
Accuarcy,"[33.44288289554347, 38.44981006971495, 34.077630069451466, 34.61703163195047, 35.26629690685217, 35.32928006706928, 34.64856453887651, 38.370855003758756, 34.66796184162542, 37.07515396027981, 35.28239376569868, 35.14818209839452, 36.33511077263372, 35.375993756180584, 34.92524106419034, 32.652770849704176, 36.18892419175439, 36.95915187656655, 34.8611882141733, 36.11806058522348, 32.42727352655642, 36.45437127518202]",N/A
Precision,0.029918328392863992,N/A
=====,=====,=====
"(586, 404)","(686, 405)","(751.4842105263158, 617)"
"(585, 405)","(683, 404)","(738.4474358974358, 530)"
"(585, 405)","(684, 405)","(746.4005628517824, 552)"
"(584, 404)","(685, 404)","(761.4000000000001, 492)"
"(585, 404)","(686, 405)","(756.896794871795, 514)"
"(586, 403)","(686, 403)","(779.984990619137, 476)"
"(586, 403)","(684, 402)","(716.8815789473684, 501)"
"(585, 403)","(684, 403)","(723.1673076923076, 491)"
"(585, 402)","(684, 404)","(700.4546052631579, 476)"
"(587, 403)","(686, 403)","(767.9875, 538)"
"(585, 403)","(686, 404)","(735.0059210526316, 525)"
"(587, 404)","(686, 404)","(752.075, 518)"
"(582, 405)","(682, 404)","(712.6303939962477, 540)"
"(583, 405)","(682, 404)","(705.0753205128206, 493)"
"(587, 404)","(686, 404)","(735.325, 514)"
"(585, 403)","(684, 402)","(749.7118421052631, 475)"
"(585, 403)","(683, 404)","(708.4372469635626, 525)"
"(584, 403)","(681, 403)","(718.5045731707318, 525)"
"(584, 403)","(683, 403)","(782.604268292683, 537)"
"(583, 403)","(682, 402)","(730.7039473684212, 512)"
"(583, 402)","(682, 401)","(727.375, 489)"
"(584, 403)","(683, 402)","(722.027564102564, 490)"
Accuarcy Avg,23.047233386007253,N/A
Accuarcy,"[15.799290856121354, 21.748536584618012, 20.340859128162286, 25.712899393229108, 23.82420600991421, 27.673338346144334, 23.39794602208759, 24.42725484325713, 25.10914754078094, 22.528077025358527, 22.017315355114462, 23.29938331505663, 19.892714749757932, 23.760477979624493, 22.936027052012978, 26.58534834371214, 21.069959196189764, 21.399274456012943, 23.388873052324975, 22.929710024409506, 24.722120113274286, 24.47637510499582]",N/A
Precision,0.01849235555258169,N/A
=====,=====,=====
"(589, 403)","(687, 403)","(759.4653846153847, 491)"
"(589, 403)","(687, 403)","(801.5897435897435, 512)"
"(587, 403)","(687, 403)","(765.6747967479674, 561)"
"(589, 403)","(689, 403)","(786.4615384615385, 538)"
"(589, 403)","(689, 403)","(780.8562753036438, 491)"
"(589, 403)","(689, 403)","(793.4250000000001, 528)"
"(588, 403)","(687, 403)","(742.9326923076924, 491)"
"(588, 403)","(688, 404)","(779.634278002699, 525)"
"(588, 403)","(687, 403)","(756.7827442827443, 517)"
"(587, 404)","(687, 403)","(752.6657894736842, 517)"
"(589, 403)","(689, 403)","(780.8562753036438, 517)"
"(588, 402)","(690, 403)","(761.475, 454)"
"(589, 403)","(688, 403)","(756.1184210526316, 517)"
"(589, 403)","(688, 403)","(744.098076923077, 501)"
"(590, 403)","(690, 403)","(808.421052631579, 476)"
"(588, 402)","(687, 402)","(745.9008097165993, 460)"
"(587, 403)","(689, 402)","(780.0647773279352, 501)"
"(588, 403)","(688, 403)","(759.8743589743591, 569)"
"(590, 403)","(689, 402)","(781.4672739541161, 501)"
"(588, 403)","(687, 403)","(742.9326923076924, 538)"
"(587, 404)","(688, 404)","(754.9342105263157, 539)"
"(589, 403)","(689, 403)","(780.8562753036438, 538)"
Accuarcy Avg,27.764109915837114,N/A
Accuarcy,"[29.57327865026965, 25.985167978988372, 25.083437163703955, 25.117652903468386, 28.458653464263964, 25.35472154228943, 30.465081720418958, 26.3441459164196, 28.168295467902958, 28.410737883479978, 26.781423844182065, 31.748046392949565, 28.207327873592313, 29.826086604211227, 28.169151486376638, 32.12423611765413, 27.85192695913997, 25.049900850340872, 27.777706247824547, 27.83785872666151, 27.017342531551215, 25.458237822727227]",N/A
Precision,0.022408265535559368,N/A
=====,=====,=====
"(588, 403)","(685, 402)","(789.5048076923077, 527)"
"(587, 403)","(686, 402)","(806.2333333333333, 548)"
"(587, 402)","(687, 403)","(823.1999999999999, 475)"
"(588, 403)","(687, 403)","(813.7195121951219, 561)"
"(588, 401)","(688, 402)","(792.1833333333334, 468)"
"(588, 403)","(688, 402)","(805.8947368421052, 541)"
"(588, 403)","(689, 404)","(809.1759615384615, 596)"
"(589, 403)","(688, 403)","(813.4197031039137, 578)"
"(589, 402)","(689, 402)","(837.4263157894736, 469)"
"(588, 403)","(687, 403)","(775.2163461538462, 491)"
"(589, 403)","(687, 403)","(785.2307692307693, 528)"
"(589, 403)","(688, 404)","(796.6170715249664, 616)"
"(589, 403)","(688, 403)","(791.5762820512821, 538)"
"(588, 402)","(688, 403)","(797.9310810810811, 563)"
"(590, 403)","(689, 402)","(831.0910931174088, 541)"
"(589, 402)","(690, 403)","(826.4307692307691, 548)"
"(589, 402)","(689, 403)","(819.2307692307692, 476)"
"(589, 403)","(689, 403)","(814.0566801619433, 578)"
"(588, 402)","(689, 403)","(788.0434210526317, 550)"
"(588, 402)","(689, 403)","(836.7710526315789, 585)"
"(589, 402)","(688, 403)","(796.6170715249664, 512)"
"(590, 402)","(688, 403)","(807.1578947368421, 490)"
Accuarcy Avg,43.481952410618646,N/A
Accuarcy,"[44.49839578670565, 43.21697776820693, 44.019242198212964, 42.5646279406044, 45.667742188868765, 43.37248555225346, 42.22878645713567, 42.27741714571797, 43.486512121591, 45.93959156479813, 44.69428507723496, 42.66873649070325, 44.177705945780424, 43.38487814843704, 42.01733930888357, 42.12363561091265, 44.186270359333164, 42.24176583730959, 44.13757354698971, 40.819263781754316, 44.45133458491038, 44.42838561726621]",N/A
Precision,0.0365161106729467,N/A
=====,=====,=====
"(591, 402)","(692, 402)","(871.7820512820513, 456)"
"(591, 401)","(692, 403)","(838.8846153846154, 533)"
"(592, 401)","(693, 402)","(891.046052631579, 562)"
"(591, 402)","(690, 403)","(828.7856225930681, 585)"
"(591, 402)","(692, 403)","(848.8404183535763, 569)"
"(592, 402)","(691, 402)","(833.6902834008097, 500)"
"(591, 402)","(693, 403)","(872.4615384615385, 561)"
"(591, 403)","(692, 402)","(851.0047233468285, 556)"
"(591, 403)","(690, 403)","(843.7355769230769, 549)"
"(591, 403)","(691, 403)","(834.622889305816, 549)"
"(591, 402)","(693, 402)","(862.5846153846154, 568)"
"(592, 401)","(692, 403)","(862.173076923077, 548)"
"(591, 402)","(689, 402)","(831.740890688259, 556)"
"(591, 402)","(691, 403)","(843.421052631579, 537)"
"(591, 402)","(690, 403)","(832.3906882591093, 561)"
"(591, 402)","(692, 402)","(857.5842105263157, 548)"
"(592, 401)","(691, 402)","(856.7401315789474, 536)"
"(590, 401)","(692, 402)","(861.2410256410257, 511)"
"(591, 401)","(691, 402)","(843.421052631579, 588)"
"(592, 401)","(689, 402)","(837.296586059744, 536)"
"(591, 400)","(692, 402)","(862.8908523908525, 495)"
"(591, 401)","(691, 403)","(849.908906882591, 523)"
Accuarcy Avg,55.15376855717827,N/A
Accuarcy,"[55.29719896094442, 55.61167238435878, 53.55393353077586, 55.58405384374282, 55.00394065112417, 56.06676481592793, 54.23498179174544, 55.02337153442831, 55.32352756821249, 55.628560317255506, 54.5322996314314, 54.700332588193795, 55.673506868774595, 55.428366411156425, 55.616875665467056, 54.85912824058783, 54.986720971582166, 55.05892908446912, 55.067821967981075, 55.64004447760727, 55.161358418535755, 55.32951853361998]",N/A
Precision,0.08364588017405947,N/A
=====,=====,=====
"(586, 402)","(685, 402)","(724.3070512820512, 537)"
"(585, 403)","(683, 402)","(682.3727329580988, 537)"
"(585, 401)","(682, 403)","(657.4592948717948, 533)"
"(585, 402)","(684, 403)","(675.1730769230769, 603)"
"(587, 402)","(686, 403)","(720.25, 563)"
"(588, 402)","(685, 402)","(694.4807692307693, 500)"
"(587, 403)","(686, 403)","(727.9807692307692, 604)"
"(587, 402)","(686, 404)","(702.6624999999999, 635)"
"(588, 401)","(686, 403)","(714.0199146514937, 507)"
"(587, 403)","(685, 404)","(710.6720647773278, 607)"
"(587, 402)","(685, 403)","(710.6720647773278, 550)"
"(587, 402)","(685, 403)","(705.7368421052631, 594)"
"(587, 401)","(683, 402)","(682.65478424015, 508)"
"(587, 402)","(685, 402)","(708.5692307692308, 537)"
"(586, 402)","(685, 402)","(677.523616734143, 568)"
"(587, 401)","(685, 402)","(710.6720647773278, 496)"
"(586, 401)","(684, 403)","(701.8421052631578, 523)"
"(588, 401)","(685, 402)","(727.5512820512821, 523)"
"(587, 401)","(687, 402)","(704.0526315789473, 523)"
"(586, 403)","(685, 402)","(660.7999325236167, 556)"
"(586, 401)","(686, 402)","(702.9473684210526, 536)"
Accuarcy Avg,42.32516452926852,N/A
Accuarcy,"[43.79359518123808, 42.14688304666423, 41.369929214286856, 38.91508979144878, 42.60283653004788, 44.18801369798516, 41.360682557667126, 38.92251826962389, 44.59828752485565, 40.427653294689236, 42.7267770092781, 40.719459856364836, 43.42547502253028, 43.17361867624763, 40.577625570448184, 44.92263617946109, 43.49273023504367, 44.466835315245156, 43.576233664930115, 40.42742996941514, 42.9941445071679]",N/A
Precision,0.026945144618932115,N/A
=====,=====,=====
"(589, 402)","(687, 402)","(727.1564102564103, 594)"
"(587, 402)","(687, 403)","(738.9729729729729, 674)"
"(589, 401)","(687, 402)","(772.3157894736842, 548)"
"(589, 402)","(687, 402)","(738.7368421052632, 568)"
"(589, 402)","(687, 402)","(746.0553306342781, 568)"
"(587, 401)","(687, 401)","(737.578947368421, 522)"
"(589, 401)","(689, 402)","(753.6923076923077, 593)"
"(592, 402)","(689, 402)","(771.9710526315789, 603)"
"(590, 401)","(689, 402)","(754.2820512820513, 562)"
"(590, 401)","(688, 402)","(721.3973684210526, 573)"
"(591, 401)","(688, 402)","(744.8535256410255, 573)"
"(589, 402)","(688, 402)","(744.098076923077, 603)"
"(590, 401)","(688, 402)","(755.0289473684211, 511)"
"(590, 401)","(689, 402)","(754.7782894736843, 536)"
"(590, 401)","(689, 401)","(712.8785256410257, 535)"
"(591, 402)","(689, 403)","(731.5519568151147, 635)"
"(591, 402)","(689, 402)","(748.3940620782727, 537)"
"(590, 401)","(689, 403)","(738.7907894736843, 548)"
"(590, 402)","(689, 402)","(741.8731808731809, 594)"
"(591, 401)","(689, 403)","(741.5661815661815, 603)"
"(591, 401)","(688, 401)","(714.1514844804318, 521)"
"(593, 401)","(690, 402)","(763.2205128205128, 562)"
Accuarcy Avg,32.684535127157005,N/A
Accuarcy,"[30.674136714360692, 24.70002675194363, 35.032105664372466, 32.85112542241627, 33.013413283221894, 36.04654990254401, 31.396043277109843, 31.210821886076054, 33.630132547891286, 32.13743131286475, 32.626555915336105, 30.40034422185449, 37.09771966224795, 35.43263305430957, 34.75598877484434, 27.594972406378048, 35.23149124835558, 34.2770737736322, 31.016005863408772, 30.334476015571166, 35.75176479876881, 33.84896029994624]",N/A
Precision,0.015877502169002973,N/A
=====,=====,=====
"(592, 403)","(691, 403)","(790.057894736842, 615)"
"(592, 402)","(689, 404)","(762.0307692307692, 604)"
"(592, 402)","(692, 403)","(771.6848030018762, 537)"
"(592, 402)","(692, 402)","(775.4684210526316, 537)"
"(595, 403)","(693, 403)","(793.1368421052631, 604)"
"(593, 402)","(691, 403)","(764.2269230769231, 563)"
"(593, 403)","(691, 403)","(812.7884615384615, 538)"
"(592, 402)","(691, 403)","(754.6350844277674, 563)"
"(593, 402)","(692, 402)","(787.9565353345841, 537)"
"(592, 401)","(693, 403)","(797.7708333333334, 548)"
"(593, 402)","(693, 403)","(781.9044871794872, 594)"
"(594, 402)","(694, 403)","(786.9662618083671, 563)"
"(594, 402)","(693, 403)","(815.7333119383826, 585)"
"(593, 402)","(692, 403)","(791.2894736842104, 614)"
"(593, 401)","(692, 403)","(775.2269736842105, 573)"
"(592, 401)","(692, 402)","(758.5736842105263, 536)"
"(594, 401)","(693, 402)","(785.9210526315788, 562)"
"(595, 401)","(693, 402)","(760.0894736842106, 536)"
"(594, 401)","(694, 403)","(783.1205128205129, 573)"
"(594, 401)","(693, 403)","(776.4335526315789, 573)"
"(594, 402)","(693, 402)","(766.0125, 613)"
"(594, 401)","(694, 403)","(783.1205128205129, 573)"
Accuarcy Avg,34.986216228455994,N/A
Accuarcy,"[31.740731141679426, 33.57852147472236, 37.32053680027164, 37.2035919661002, 32.352479826042426, 36.00091456840937, 36.07421326334953, 36.34234984955662, 36.82872518779957, 35.85009442353767, 33.42647875415278, 35.230682491564274, 32.85818758798796, 31.758638931668095, 34.999564325153614, 37.795468972046024, 35.328009939500305, 37.74662840412879, 34.72487579691807, 34.957104045729636, 32.85408347879533, 34.72487579691807]",N/A
Precision,0.0244943042394475,N/A
=====,=====,=====
"(594, 401)","(694, 402)","(810.0842105263159, 562)"
"(593, 401)","(691, 401)","(784.0890688259109, 612)"
"(594, 400)","(691, 402)","(796.9471153846154, 601)"
"(595, 400)","(694, 402)","(832.4791666666665, 572)"
"(595, 401)","(694, 402)","(810.7131578947369, 613)"
"(595, 401)","(694, 402)","(810.7131578947369, 593)"
"(595, 401)","(695, 401)","(844.4407894736842, 535)"
"(596, 400)","(695, 402)","(833.7708333333333, 532)"
"(595, 401)","(694, 402)","(826.8256578947369, 584)"
"(594, 401)","(693, 402)","(815.0999999999999, 573)"
"(595, 400)","(693, 402)","(799.2205128205128, 546)"
"(594, 401)","(693, 402)","(782.5125, 536)"
"(595, 402)","(693, 402)","(819.9919028340081, 603)"
"(595, 401)","(694, 402)","(804.1029014844805, 562)"
"(595, 401)","(695, 403)","(826.9230769230769, 573)"
"(595, 401)","(694, 402)","(826.8256578947369, 584)"
"(595, 401)","(693, 402)","(815.3205128205128, 562)"
"(595, 401)","(694, 402)","(793.2307692307693, 613)"
"(595, 401)","(694, 402)","(799.8410256410257, 559)"
"(595, 401)","(694, 402)","(810.7131578947369, 573)"
"(595, 401)","(692, 402)","(768.9868421052631, 573)"
"(594, 401)","(693, 402)","(792.0, 584)"
Accuarcy Avg,46.85699081909638,N/A
Accuarcy,"[47.179117095871995, 46.91256403445107, 46.64354837484085, 45.96804915350193, 45.721318549751835, 46.272573798444625, 46.65221858715729, 47.156917401095775, 45.84494011609599, 46.65771655981924, 48.0621937419155, 48.97069049466384, 45.5890213985205, 47.4181698155298, 46.168832666288615, 45.84494011609599, 46.968916962577715, 46.490830310137056, 47.67181880597042, 46.83794121355432, 48.51781338567338, 47.30366543816273]",N/A
Precision,0.051893405696536825,N/A
=====,=====,=====
"(596, 401)","(695, 402)","(845.0953947368421, 562)"
"(596, 401)","(696, 402)","(850.9807692307692, 536)"
"(595, 401)","(694, 401)","(876.8592105263159, 535)"
"(595, 400)","(694, 401)","(849.0048076923077, 509)"
"(597, 401)","(695, 402)","(839.1025641025641, 562)"
"(598, 401)","(695, 403)","(845.5539473684211, 573)"
"(598, 402)","(697, 403)","(874.6716697936209, 614)"
"(597, 401)","(695, 402)","(834.4166666666665, 536)"
"(597, 401)","(696, 403)","(884.3788461538462, 603)"
"(596, 401)","(696, 402)","(861.3333333333335, 613)"
"(598, 401)","(695, 402)","(851.225, 584)"
"(598, 401)","(696, 402)","(885.981981981982, 562)"
"(598, 401)","(695, 402)","(834.6480769230769, 536)"
"(597, 401)","(697, 402)","(874.4541160593793, 562)"
"(596, 401)","(696, 402)","(844.7692307692308, 562)"
"(596, 401)","(696, 403)","(850.9807692307692, 548)"
"(597, 401)","(696, 402)","(885.0991655969191, 562)"
"(596, 401)","(695, 402)","(821.9018218623482, 536)"
"(598, 401)","(696, 402)","(879.2564102564103, 562)"
"(597, 401)","(697, 403)","(864.0855263157895, 573)"
"(596, 401)","(695, 403)","(855.4399460188935, 548)"
"(597, 401)","(696, 402)","(879.5802631578948, 573)"
Accuarcy Avg,56.64420304693647,N/A
Accuarcy,"[57.03538723842299, 57.21362963450346, 56.487204997294626, 57.643986844730385, 57.207668678483515, 56.88122867394843, 55.472386607426664, 57.67535917091248, 55.304465344275506, 55.906281702819385, 56.57453572778105, 55.82271375453231, 57.66897561536051, 56.17127692476419, 57.044799236094285, 57.05083887483071, 55.84959397500131, 58.017779898381356, 56.02671325050699, 56.332199058831, 56.922949293025, 55.86249253067594]",N/A
Precision,0.06002464114213497,N/A
=====,=====,=====
END,TEST,HERE
