BEGINING,TEST,HERE
"(580, 432)","(675, 435)","(668.6266891891893, 589)"
"(580, 432)","(676, 434)","(653.4594594594595, 603)"
"(581, 432)","(678, 434)","(689.0472972972974, 555)"
"(580, 432)","(677, 435)","(688.9326923076924, 669)"
"(581, 431)","(674, 435)","(634.7077702702703, 552)"
"(580, 430)","(676, 432)","(636.4750337381915, 467)"
"(580, 431)","(678, 433)","(640.05, 540)"
"(582, 431)","(677, 434)","(696.2453222453222, 563)"
"(582, 431)","(681, 434)","(711.1121794871794, 612)"
"(581, 431)","(677, 433)","(654.0411605937921, 540)"
"(582, 431)","(680, 434)","(745.5763157894737, 638)"
"(581, 431)","(679, 433)","(689.5945945945947, 553)"
"(581, 430)","(677, 433)","(646.4358974358975, 562)"
"(582, 431)","(679, 432)","(691.1250000000001, 611)"
"(581, 430)","(680, 434)","(707.1824324324324, 620)"
"(581, 430)","(678, 433)","(663.9632709632709, 575)"
"(581, 431)","(678, 432)","(671.1268556005399, 589)"
"(581, 431)","(678, 435)","(663.9632709632709, 621)"
"(581, 429)","(678, 432)","(656.4017094017095, 516)"
"(582, 430)","(679, 433)","(673.1013513513514, 612)"
"(583, 429)","(677, 432)","(662.7442827442827, 516)"
"(584, 430)","(680, 433)","(682.8052668052668, 637)"
Accuarcy Avg,55.24082572557202,N/A
Accuarcy,"[55.55782720775445, 55.61793332462404, 54.988623623624186, 58.965865992422444, 52.896455101251085, 49.21642752572673, 52.5792767549249, 55.53133178612684, 57.68843388049289, 53.112706106108, 59.48038176976472, 54.93540826628503, 53.740433961631545, 57.056695753022034, 57.836691415359155, 54.86712832538411, 55.638478708453505, 56.615318062022105, 52.21830124162283, 56.55255771276728, 52.4798225287353, 57.72206691448166]",N/A
Precision,0.01863904800474244,N/A
=====,=====,=====
"(587, 427)","(685, 429)","(771.3097713097713, 596)"
"(585, 426)","(684, 430)","(736.952182952183, 545)"
"(587, 427)","(684, 429)","(722.8347953216373, 627)"
"(586, 427)","(683, 430)","(743.393918918919, 582)"
"(586, 426)","(685, 430)","(739.6513888888888, 583)"
"(586, 426)","(682, 429)","(675.5527027027028, 557)"
"(586, 425)","(686, 428)","(736.421052631579, 497)"
"(585, 426)","(685, 428)","(721.2508662508664, 570)"
"(586, 426)","(684, 429)","(709.9831309041834, 535)"
"(587, 427)","(687, 429)","(773.4054054054054, 596)"
"(587, 425)","(687, 429)","(731.6891891891892, 517)"
"(587, 426)","(686, 429)","(741.6527777777776, 631)"
"(587, 425)","(685, 429)","(732.4871794871794, 591)"
"(588, 426)","(686, 429)","(738.9729729729729, 662)"
"(588, 424)","(686, 428)","(715.9444444444445, 532)"
"(589, 426)","(686, 429)","(713.7415540540541, 670)"
"(588, 426)","(686, 428)","(689.09009009009, 573)"
"(590, 425)","(686, 429)","(722.8898128898129, 630)"
"(589, 424)","(686, 428)","(713.7415540540541, 580)"
"(588, 424)","(685, 428)","(697.7019230769231, 603)"
"(588, 424)","(686, 427)","(730.397972972973, 593)"
"(587, 425)","(686, 428)","(705.7519057519057, 630)"
Accuarcy Avg,48.28377680085423,N/A
Accuarcy,"[49.8063765801295, 45.69833786938598, 50.967658564450225, 48.39745712231162, 48.40117946524893, 45.7752633473581, 41.95580948123975, 47.226096434843726, 44.47215995246257, 49.84748168558232, 43.45898115858489, 51.43780312901126, 48.81843910827683, 53.165972146049846, 44.33465393423233, 53.35848478595546, 47.05925949203832, 51.149443943659655, 47.819211215938104, 49.19568962123314, 48.91932102018323, 50.978009560617124]",N/A
Precision,0.015159978284646793,N/A
=====,=====,=====
"(588, 424)","(687, 426)","(790.3586278586279, 592)"
"(586, 423)","(686, 426)","(763.6297297297298, 531)"
"(588, 424)","(687, 426)","(777.3026315789474, 623)"
"(587, 424)","(686, 427)","(755.5956340956341, 628)"
"(588, 424)","(688, 426)","(790.978516978517, 623)"
"(588, 424)","(686, 427)","(772.5225225225225, 628)"
"(587, 423)","(687, 426)","(747.6141891891891, 591)"
"(587, 423)","(688, 426)","(769.6314102564102, 591)"
"(589, 423)","(688, 426)","(778.5219298245614, 665)"
"(590, 423)","(689, 427)","(792.8381843381843, 627)"
"(589, 423)","(688, 426)","(769.4743589743589, 617)"
"(590, 421)","(689, 426)","(792.8381843381843, 587)"
"(590, 422)","(687, 425)","(757.0848925848926, 616)"
"(589, 422)","(687, 425)","(733.4273504273503, 625)"
"(589, 421)","(689, 423)","(783.2067567567568, 563)"
"(589, 421)","(690, 425)","(781.8987854251012, 624)"
"(588, 420)","(689, 423)","(788.5379129129129, 533)"
"(588, 420)","(690, 422)","(817.7472972972972, 526)"
"(590, 421)","(688, 423)","(781.9114864864865, 566)"
"(588, 422)","(688, 423)","(774.6195426195427, 598)"
"(588, 421)","(688, 423)","(783.6600284495021, 618)"
"(588, 422)","(688, 423)","(795.6345029239766, 614)"
Accuarcy Avg,51.06189711958773,N/A
Accuarcy,"[50.40279185598615, 47.4987745530386, 52.43514983484943, 53.18670471531595, 52.14167732070747, 52.80478224280988, 51.457025256189524, 50.86489196163047, 54.559522590658325, 52.32156708910493, 52.292138220144636, 50.048556467999745, 52.53382093322781, 53.57016293328704, 48.85598100610034, 52.38856073072259, 46.79715240140092, 45.42740243931017, 49.074860333754245, 51.13065969414604, 52.02520744426131, 51.544346606284066]",N/A
Precision,0.02028888929151759,N/A
=====,=====,=====
"(588, 419)","(688, 420)","(840.9397089397089, 524)"
"(587, 418)","(689, 421)","(818.1465149359886, 502)"
"(588, 420)","(688, 421)","(824.5807345807347, 539)"
"(589, 420)","(687, 422)","(797.9310810810811, 572)"
"(588, 419)","(688, 421)","(837.034188034188, 585)"
"(588, 418)","(688, 421)","(858.1829521829522, 535)"
"(588, 419)","(688, 420)","(817.6927453769558, 549)"
"(589, 419)","(688, 421)","(841.5987525987525, 585)"
"(588, 419)","(686, 420)","(788.8558558558559, 524)"
"(588, 419)","(688, 420)","(841.8239778239778, 537)"
"(588, 419)","(689, 420)","(842.4837144837145, 524)"
"(588, 417)","(688, 420)","(824.5807345807347, 523)"
"(588, 419)","(688, 420)","(853.3931623931625, 594)"
"(588, 418)","(688, 420)","(846.9356725146199, 584)"
"(588, 418)","(688, 421)","(837.034188034188, 594)"
"(587, 419)","(687, 421)","(806.954954954955, 585)"
"(586, 418)","(686, 420)","(768.221052631579, 502)"
"(586, 419)","(687, 420)","(857.0474705474705, 559)"
"(587, 419)","(686, 420)","(838.9625779625779, 572)"
"(586, 419)","(687, 420)","(839.8447678447678, 537)"
"(586, 419)","(687, 421)","(839.8447678447678, 560)"
Accuarcy Avg,57.75518686719909,N/A
Accuarcy,"[56.544317744489646, 56.79068854931345, 57.561730702347425, 59.32448942618971, 58.447535447470436, 56.23703125512251, 58.073745108872245, 58.30388933903945, 58.423211296282744, 56.8918717952376, 56.48684532263629, 57.11959841089371, 58.20160126585587, 58.10573111130026, 58.70568531607041, 59.38105808271327, 58.63582000416345, 57.01762825378348, 58.01067969710257, 56.96296906475713, 57.63279701753908]",N/A
Precision,0.05264154158420628,N/A
=====,=====,=====
"(586, 418)","(686, 420)","(831.8662873399716, 558)"
"(586, 419)","(685, 419)","(871.1150381150381, 593)"
"(587, 418)","(686, 419)","(872.4857934857935, 523)"
"(587, 418)","(684, 419)","(864.6596728307254, 545)"
"(589, 417)","(688, 419)","(879.7685560053981, 557)"
"(588, 417)","(687, 419)","(863.048245614035, 557)"
"(586, 418)","(688, 419)","(874.0540540540541, 558)"
"(588, 417)","(687, 419)","(884.6105974395449, 557)"
"(587, 417)","(686, 419)","(849.2702702702703, 544)"
"(586, 417)","(686, 419)","(849.0554765291607, 557)"
"(586, 417)","(687, 419)","(883.6756756756757, 617)"
"(587, 417)","(687, 418)","(875.875, 544)"
"(588, 417)","(688, 419)","(908.1441441441442, 592)"
"(587, 417)","(688, 418)","(898.4649122807018, 556)"
"(586, 417)","(686, 418)","(861.6081081081081, 581)"
"(585, 417)","(687, 418)","(856.3742203742204, 591)"
"(586, 417)","(686, 418)","(893.0607287449393, 556)"
"(586, 417)","(685, 417)","(866.3440170940171, 545)"
"(585, 417)","(685, 418)","(854.1476091476093, 556)"
"(586, 416)","(687, 417)","(883.5625, 533)"
"(586, 416)","(686, 416)","(855.4927234927236, 520)"
Accuarcy Avg,65.85796469494757,N/A
Accuarcy,"[66.7076306341257, 66.25355458170982, 65.38138066591726, 65.82241229042125, 65.61181351598171, 65.99953878773898, 65.75752748672656, 65.49769128226687, 66.16654868399078, 66.3165590784854, 66.28729317913103, 65.54618713734881, 65.40620687786547, 65.15354829774361, 66.31621441791012, 66.54968702109743, 65.28375407846625, 65.7830180771743, 66.19055711351348, 65.22845470189777, 65.7576806843866]",N/A
Precision,0.10704866107226238,N/A
=====,=====,=====
"(579, 418)","(677, 416)","(612.3326403326404, 606)"
"(581, 417)","(679, 417)","(687.3886639676114, 581)"
"(581, 418)","(678, 418)","(646.0772695772696, 638)"
"(579, 417)","(679, 416)","(680.4358974358975, 508)"
"(579, 418)","(678, 416)","(663.4166666666666, 606)"
"(579, 417)","(677, 416)","(645.4081774081775, 580)"
"(579, 415)","(677, 414)","(644.5263157894736, 449)"
"(580, 416)","(677, 415)","(670.5192034139403, 566)"
"(579, 416)","(676, 416)","(652.9391891891892, 605)"
"(581, 417)","(678, 416)","(671.5860597439546, 580)"
"(581, 416)","(679, 416)","(695.4868421052631, 579)"
"(581, 416)","(678, 416)","(663.0907830907831, 605)"
"(579, 415)","(677, 415)","(644.5263157894736, 553)"
"(580, 415)","(677, 414)","(687.5897435897436, 565)"
"(578, 415)","(675, 415)","(626.5, 633)"
"(579, 416)","(676, 415)","(652.0580296896085, 642)"
"(579, 415)","(677, 414)","(644.5263157894736, 565)"
"(580, 415)","(678, 414)","(694.3828947368421, 577)"
"(579, 415)","(676, 414)","(652.0580296896085, 565)"
"(580, 415)","(677, 414)","(653.9797297297298, 640)"
"(580, 415)","(679, 415)","(694.9348684210526, 664)"
"(580, 415)","(678, 414)","(645.5526315789473, 595)"
Accuarcy Avg,48.04269285007809,N/A
Accuarcy,"[46.03070339215225, 49.31618815769804, 49.30038143647041, 46.592342982644446, 48.89629513144768, 46.823326013725094, 42.397143797383855, 47.807306456449645, 48.279651759010136, 48.37419472648514, 49.70603352608163, 48.839333651414236, 45.692473613486484, 48.792202596859205, 48.07809494608732, 49.76834423421678, 46.164212933672374, 49.57828724842515, 46.63650136804707, 49.779944697834026, 52.63635369147696, 47.44992634065019]",N/A
Precision,0.02266741691665066,N/A
=====,=====,=====
"(584, 414)","(682, 415)","(717.2245322245323, 633)"
"(584, 414)","(682, 415)","(714.6236842105263, 602)"
"(583, 414)","(681, 414)","(697.6947368421053, 602)"
"(581, 414)","(680, 413)","(680.2763157894736, 541)"
"(582, 413)","(680, 413)","(697.9043659043658, 551)"
"(583, 413)","(682, 413)","(698.2467105263157, 525)"
"(585, 412)","(684, 413)","(758.65991902834, 487)"
"(582, 414)","(681, 413)","(699.3326403326404, 541)"
"(582, 414)","(681, 413)","(687.7682692307693, 563)"
"(582, 413)","(681, 413)","(704.4589216944802, 575)"
"(583, 413)","(684, 412)","(692.0624156545209, 540)"
"(583, 413)","(684, 412)","(702.4255024255024, 540)"
"(584, 413)","(684, 412)","(708.8650472334682, 525)"
"(585, 413)","(685, 413)","(728.1047297297297, 563)"
"(584, 412)","(685, 413)","(717.9868421052631, 537)"
"(583, 413)","(682, 412)","(665.3314571607254, 540)"
"(586, 413)","(684, 412)","(735.7726957726957, 562)"
"(587, 412)","(685, 413)","(747.4358974358975, 588)"
"(585, 412)","(684, 412)","(710.3827702702703, 574)"
"(586, 411)","(685, 413)","(725.6447368421052, 561)"
"(586, 412)","(685, 413)","(734.1697368421054, 600)"
Accuarcy Avg,29.896483132777956,N/A
Accuarcy,"[37.588464610495656, 34.49357637235491, 34.01972542056157, 26.707443520755547, 28.436555648413705, 25.396613504725753, 25.247847333416825, 27.33043430750677, 29.50265440504874, 31.341522636901182, 26.948953791988707, 27.335451552932373, 25.878676477633064, 30.9818293788264, 27.69026001820957, 26.252424400610714, 31.23926704995474, 34.36668884319581, 31.4346706168041, 30.659761325751557, 34.973324572249346]",N/A
Precision,0.01349412674694383,N/A
=====,=====,=====
"(589, 411)","(688, 411)","(777.0192554557124, 560)"
"(588, 411)","(688, 411)","(793.2002567394096, 526)"
"(588, 411)","(687, 412)","(780.0760135135135, 635)"
"(590, 411)","(688, 412)","(780.6162162162162, 598)"
"(589, 411)","(688, 412)","(744.6434531450577, 598)"
"(590, 411)","(689, 411)","(810.6627086007703, 560)"
"(589, 411)","(689, 413)","(755.0289473684211, 636)"
"(589, 411)","(689, 411)","(774.948024948025, 560)"
"(590, 411)","(690, 412)","(773.0526315789474, 598)"
"(589, 411)","(688, 412)","(770.4006578947368, 665)"
"(590, 410)","(689, 411)","(782.5233108108108, 597)"
"(589, 410)","(688, 411)","(770.4006578947368, 572)"
"(589, 410)","(688, 411)","(753.5980263157895, 597)"
"(591, 409)","(690, 410)","(793.1902286902288, 547)"
"(590, 410)","(689, 411)","(764.6383265856949, 597)"
"(591, 409)","(689, 410)","(765.8378378378379, 547)"
"(593, 410)","(691, 411)","(790.6736842105262, 597)"
"(591, 410)","(689, 411)","(755.3684210526317, 626)"
"(591, 410)","(689, 411)","(781.8378378378378, 671)"
"(591, 409)","(689, 410)","(755.3684210526317, 558)"
"(590, 410)","(690, 411)","(756.2105263157895, 606)"
Accuarcy Avg,38.97146103338831,N/A
Accuarcy,"[36.334351058676624, 32.55814710266089, 41.72198713330889, 38.96017249483012, 41.05181511110585, 34.1072660357237, 43.00810456302808, 36.47557442798665, 39.391106717360806, 44.25729371353016, 38.776877719195426, 37.6570054529246, 40.4547631324233, 34.212153150838844, 39.80611294400092, 36.18216129780888, 38.319293880375035, 42.320324692559886, 44.20054332929881, 37.68886295474722, 40.916764788769726]",N/A
Precision,0.014924557559998339,N/A
=====,=====,=====
"(593, 409)","(694, 411)","(826.3894736842105, 663)"
"(593, 410)","(692, 411)","(775.2269736842105, 634)"
"(593, 409)","(693, 412)","(786.8060810810811, 634)"
"(593, 409)","(694, 410)","(819.7894736842105, 570)"
"(594, 409)","(693, 411)","(819.3552631578948, 633)"
"(591, 409)","(690, 410)","(772.8138157894737, 632)"
"(593, 409)","(693, 410)","(853.7128378378378, 632)"
"(592, 409)","(692, 410)","(812.3991683991683, 595)"
"(590, 409)","(691, 409)","(818.3499061913695, 594)"
"(590, 409)","(691, 410)","(834.3810810810811, 595)"
"(592, 408)","(690, 409)","(816.4087837837839, 623)"
"(590, 408)","(691, 409)","(786.3048780487804, 544)"
"(592, 407)","(690, 408)","(810.2453222453223, 555)"
"(591, 407)","(692, 409)","(807.783552631579, 630)"
"(591, 407)","(691, 408)","(790.2855263157895, 530)"
"(591, 408)","(692, 409)","(817.2415654520918, 594)"
"(591, 408)","(690, 408)","(799.7594594594595, 593)"
"(592, 406)","(690, 409)","(810.2453222453223, 555)"
"(592, 407)","(692, 408)","(824.4631578947368, 547)"
"(592, 407)","(692, 408)","(857.4078947368421, 543)"
"(591, 407)","(693, 408)","(847.1018711018711, 543)"
"(590, 408)","(690, 408)","(789.0526315789474, 556)"
Accuarcy Avg,54.74772338543298,N/A
Accuarcy,"[55.95554458054681, 57.311404555893816, 56.84536658674838, 53.92349951605361, 55.460299954783935, 57.36456420496377, 53.91342569460143, 54.844489130934484, 54.5452572084234, 53.811476987539606, 55.33658711322223, 55.02600689442487, 54.071794168191396, 55.880124215665, 54.58780028335823, 54.59691466106093, 55.37587043701302, 54.071794168191396, 53.186572643830324, 51.328801795247415, 51.896772518878585, 55.11554715995273]",N/A
Precision,0.03092076159444269,N/A
=====,=====,=====
"(591, 408)","(691, 408)","(872.0973684210527, 556)"
"(590, 407)","(689, 408)","(863.8859649122807, 568)"
"(590, 407)","(690, 408)","(860.5905006418484, 568)"
"(590, 407)","(690, 407)","(875.4871794871794, 555)"
"(590, 408)","(691, 408)","(872.2598684210527, 568)"
"(590, 407)","(690, 407)","(854.7368421052631, 508)"
"(591, 408)","(690, 408)","(849.5938086303939, 556)"
"(592, 408)","(691, 408)","(883.469298245614, 605)"
"(591, 408)","(690, 408)","(844.4075738125803, 534)"
"(589, 407)","(691, 408)","(834.1213258286429, 592)"
"(589, 407)","(688, 408)","(868.696052631579, 555)"
"(589, 407)","(690, 408)","(849.067229518449, 592)"
"(590, 407)","(690, 407)","(860.5905006418484, 567)"
"(590, 406)","(689, 408)","(886.0440789473685, 629)"
"(588, 407)","(688, 407)","(813.881081081081, 604)"
"(588, 407)","(688, 407)","(835.2763157894736, 601)"
"(589, 407)","(689, 408)","(852.6059743954481, 659)"
"(588, 407)","(688, 407)","(824.4923076923076, 567)"
"(587, 406)","(687, 407)","(844.951219512195, 566)"
"(588, 406)","(689, 406)","(846.5941295546559, 532)"
"(587, 406)","(689, 406)","(864.3175675675676, 507)"
"(588, 407)","(688, 407)","(841.1116816431322, 621)"
Accuarcy Avg,64.58788082504775,N/A
Accuarcy,"[63.94511447168758, 64.27432718367606, 64.36691768929703, 63.83874484252697, 64.03636603166045, 64.1235448360736, 64.5826103627031, 64.04760888654299, 64.57652403197865, 65.2711007989055, 64.03559369220389, 64.87648315096496, 64.35905456828313, 64.21604556963908, 65.87889056358289, 65.31330204803955, 65.39935405824252, 65.33656933096982, 64.78345457201738, 64.50245335910986, 63.836606151228075, 65.33271195171739]",N/A
Precision,0.07756218065399645,N/A
=====,=====,=====
"(582, 407)","(681, 406)","(670.8241758241758, 566)"
"(581, 407)","(680, 406)","(695.2092105263158, 620)"
"(581, 407)","(681, 406)","(680.8157894736843, 620)"
"(580, 409)","(678, 408)","(653.2233632862643, 631)"
"(582, 407)","(680, 407)","(663.3802631578948, 569)"
"(582, 409)","(681, 408)","(679.6819887429643, 594)"
"(582, 409)","(680, 408)","(663.3802631578948, 623)"
"(581, 409)","(681, 408)","(679.1438398999375, 594)"
"(582, 408)","(681, 406)","(697.1427631578947, 584)"
"(581, 408)","(681, 407)","(671.905648267009, 622)"
"(581, 408)","(679, 408)","(662.328947368421, 593)"
"(582, 407)","(679, 407)","(687.5858108108108, 555)"
"(582, 407)","(679, 407)","(670.1591784338896, 651)"
"(581, 407)","(681, 406)","(710.7135709818638, 591)"
"(582, 407)","(681, 407)","(680.5243421052633, 658)"
"(583, 407)","(682, 408)","(696.1851156973108, 692)"
"(582, 407)","(681, 407)","(664.7368421052632, 580)"
"(582, 407)","(682, 406)","(678.6476190476192, 609)"
"(583, 406)","(682, 407)","(680.7582864290181, 609)"
"(583, 407)","(682, 406)","(699.0789473684209, 609)"
"(583, 407)","(681, 407)","(672.1076923076923, 651)"
"(582, 407)","(680, 406)","(664.6708246708247, 583)"
Accuarcy Avg,44.79509649739545,N/A
Accuarcy,"[43.66597250569095, 46.14862593969319, 45.07893153969458, 43.14405847724758, 43.07588080542437, 44.62065478970733, 43.786345960710634, 44.57871131177812, 45.85290441767249, 44.43261059881186, 43.22521216900048, 44.94790721150055, 44.904250459862446, 46.91268591301017, 45.82597974210515, 47.74849656549846, 43.278179365895, 44.73947473710819, 44.901605979343465, 46.27253791336796, 45.048780601074, 43.302315938503035]",N/A
Precision,0.03615406324968942,N/A
=====,=====,=====
"(586, 408)","(684, 407)","(735.7726957726957, 663)"
"(585, 407)","(683, 407)","(724.693657219973, 621)"
"(586, 407)","(684, 407)","(742.6925675675675, 651)"
"(585, 407)","(683, 406)","(741.5229729729729, 591)"
"(584, 407)","(684, 406)","(749.121052631579, 661)"
"(584, 406)","(682, 405)","(760.1410256410257, 608)"
"(584, 406)","(683, 406)","(747.6967105263159, 649)"
"(584, 406)","(683, 406)","(747.6967105263159, 649)"
"(585, 407)","(684, 405)","(733.0144736842107, 583)"
"(584, 406)","(681, 405)","(697.4144736842105, 608)"
"(584, 406)","(682, 406)","(726.1941678520626, 656)"
"(585, 405)","(684, 405)","(752.3419958419959, 589)"
"(584, 406)","(682, 406)","(723.5506072874495, 726)"
"(585, 405)","(683, 406)","(741.5229729729729, 608)"
"(585, 406)","(684, 405)","(758.65991902834, 608)"
"(584, 406)","(683, 405)","(740.7931848852902, 602)"
"(585, 406)","(683, 405)","(729.3383458646616, 644)"
"(585, 405)","(683, 405)","(741.5229729729729, 648)"
"(586, 405)","(682, 405)","(733.7352737352738, 567)"
"(584, 405)","(683, 406)","(743.8894025604552, 608)"
"(585, 406)","(684, 406)","(754.5405405405404, 685)"
"(584, 406)","(684, 405)","(738.8538461538462, 619)"
Accuarcy Avg,20.23849676340491,N/A
Accuarcy,"[22.926734646683233, 17.63921257970614, 22.307929858201653, 17.13247889005904, 23.84968258989316, 20.534199761781963, 22.575247073471044, 22.575247073471044, 15.537783707241822, 13.575381328302019, 21.410825932342167, 18.39427692433162, 28.95321902549757, 18.342326024610955, 20.358538664388895, 17.800465818532132, 20.405007689748153, 21.908724091642824, 14.824454786974782, 18.618243701168847, 26.627417352518343, 18.949531274340565]",N/A
Precision,0.01260758378089511,N/A
=====,=====,=====
"(589, 405)","(687, 405)","(795.5627530364372, 541)"
"(588, 405)","(688, 405)","(786.5868421052631, 589)"
"(589, 405)","(688, 405)","(779.8144399460189, 618)"
"(588, 405)","(686, 404)","(761.219298245614, 551)"
"(589, 406)","(688, 405)","(786.3631578947368, 582)"
"(588, 406)","(688, 406)","(753.8473684210527, 660)"
"(588, 406)","(688, 406)","(773.7352737352737, 649)"
"(588, 405)","(688, 406)","(790.0942480942482, 656)"
"(588, 405)","(687, 406)","(789.4750519750521, 656)"
"(589, 405)","(688, 406)","(779.8144399460189, 656)"
"(590, 405)","(689, 406)","(793.6358974358975, 628)"
"(590, 405)","(688, 406)","(807.7172557172557, 656)"
"(590, 405)","(689, 405)","(754.7782894736843, 618)"
"(590, 405)","(690, 406)","(821.8947368421052, 656)"
"(589, 405)","(687, 406)","(779.3945945945945, 656)"
"(590, 404)","(687, 405)","(779.3836032388664, 617)"
"(588, 405)","(689, 405)","(806.5263157894736, 618)"
"(589, 405)","(688, 406)","(797.2621621621622, 656)"
"(590, 405)","(690, 405)","(789.0526315789474, 601)"
"(591, 405)","(690, 406)","(799.7594594594595, 619)"
"(589, 405)","(688, 405)","(773.4566874566874, 618)"
"(589, 405)","(689, 405)","(777.1621621621622, 654)"
Accuarcy Avg,28.112931848785525,N/A
Accuarcy,"[24.04490279006891, 26.055687982910847, 28.045567166023087, 28.376474042456366, 25.859787897102468, 32.911167522428464, 30.35140894197661, 29.169895186624334, 29.230506835394213, 30.17541486379688, 27.050990868276216, 27.447461879936892, 30.78144218418841, 26.075150335151005, 30.2164254065526, 28.045704921410227, 25.037586460330914, 28.468352444978436, 26.218792782468036, 25.861295052386158, 28.749321936504675, 30.311163172315734]",N/A
Precision,0.021178878711551583,N/A
=====,=====,=====
"(592, 404)","(692, 404)","(829.2499999999999, 572)"
"(592, 405)","(692, 405)","(791.5184210526315, 601)"
"(592, 403)","(692, 404)","(835.0337837837837, 586)"
"(592, 403)","(692, 404)","(798.1732991014121, 513)"
"(591, 403)","(691, 404)","(827.9583333333333, 513)"
"(591, 404)","(689, 404)","(819.3456614509246, 580)"
"(591, 404)","(691, 405)","(845.0667522464698, 695)"
"(591, 403)","(691, 405)","(839.203947368421, 613)"
"(592, 404)","(690, 406)","(855.2289473684211, 688)"
"(591, 403)","(691, 405)","(816.6045883940621, 596)"
"(592, 403)","(692, 404)","(823.6184210526316, 562)"
"(591, 404)","(690, 405)","(793.1902286902288, 661)"
"(591, 404)","(692, 405)","(850.5718623481781, 661)"
"(591, 403)","(690, 404)","(815.5354251012146, 586)"
"(592, 403)","(691, 404)","(823.8210526315789, 660)"
"(592, 403)","(692, 404)","(829.2499999999999, 660)"
"(592, 403)","(691, 404)","(813.1980102695765, 586)"
"(593, 403)","(692, 404)","(797.5577663671372, 616)"
"(590, 404)","(691, 405)","(844.2349272349272, 654)"
"(591, 404)","(690, 404)","(837.5769230769231, 617)"
"(592, 403)","(690, 403)","(854.8186344238976, 578)"
"(593, 403)","(692, 404)","(830.1363928112967, 685)"
Accuarcy Avg,51.44062148740736,N/A
Accuarcy,"[50.798984190077825, 53.17820648126499, 50.51490099893707, 52.63005450201292, 50.85870171872524, 51.44225359727047, 51.402319553326144, 50.481078390631986, 50.67017575592183, 51.705212737703356, 51.10910105151059, 53.69382577641007, 50.4401114075366, 51.703424107627335, 51.99771812669053, 51.68628480992504, 51.84188138647993, 52.96023412394537, 50.708485475226915, 50.623775774294316, 49.192943338833096, 52.053999418610175]",N/A
Precision,0.04411490597209093,N/A
=====,=====,=====
"(593, 403)","(691, 404)","(900.6194331983805, 616)"
"(590, 404)","(692, 404)","(883.2132253711201, 606)"
"(592, 403)","(693, 404)","(870.4138513513515, 586)"
"(594, 403)","(693, 405)","(886.2236842105264, 653)"
"(592, 404)","(691, 404)","(872.8232574679943, 641)"
"(590, 403)","(692, 404)","(877.2660256410256, 586)"
"(590, 403)","(691, 404)","(849.2459514170041, 645)"
"(591, 403)","(690, 403)","(865.2368421052631, 619)"
"(590, 403)","(689, 404)","(875.7117117117117, 645)"
"(590, 403)","(690, 405)","(881.4035087719299, 646)"
"(591, 404)","(690, 405)","(882.0921052631579, 626)"
"(589, 403)","(690, 403)","(854.0690789473684, 604)"
"(589, 403)","(689, 403)","(869.3763157894738, 604)"
"(591, 402)","(691, 404)","(872.1429587482219, 575)"
"(591, 403)","(692, 404)","(913.1261261261262, 645)"
"(593, 402)","(692, 404)","(879.6229139922978, 575)"
"(593, 403)","(692, 404)","(884.8464912280702, 652)"
"(593, 402)","(693, 404)","(852.9099437148217, 652)"
"(592, 403)","(693, 403)","(874.6408250355618, 578)"
"(592, 403)","(692, 405)","(880.024948024948, 653)"
"(593, 402)","(693, 404)","(869.7878378378379, 615)"
"(593, 402)","(690, 403)","(877.8421052631579, 603)"
Accuarcy Avg,63.16771159303532,N/A
Accuarcy,"[62.3500333516025, 62.88666921915621, 63.24441206924593, 62.9783030218774, 63.34245624283448, 63.02733996569922, 64.07146813271108, 63.49313579339432, 63.27037460941379, 63.09676676770069, 62.99033079675838, 63.78957079028263, 63.319408382604855, 63.17060091766016, 62.057795676788466, 62.932060564122295, 63.01691513224735, 63.9933058876039, 63.09617553188068, 63.17347305594406, 63.339211695407876, 63.049847441841194]",N/A
Precision,0.10330495060806043,N/A
=====,=====,=====
"(586, 404)","(685, 405)","(676.665991902834, 723)"
"(587, 406)","(687, 406)","(703.2144736842105, 721)"
"(590, 404)","(687, 405)","(746.7861486486486, 683)"
"(588, 404)","(686, 405)","(738.09009009009, 608)"
"(585, 405)","(683, 405)","(691.753036437247, 684)"
"(586, 405)","(684, 405)","(709.1261808367071, 637)"
"(585, 405)","(682, 404)","(690.8574324324325, 642)"
"(585, 404)","(684, 404)","(764.7394736842105, 646)"
"(586, 404)","(683, 405)","(708.5678137651821, 674)"
"(584, 404)","(682, 403)","(690.6619433198381, 652)"
"(584, 404)","(683, 403)","(675.8534850640115, 685)"
"(585, 404)","(683, 403)","(691.753036437247, 641)"
"(584, 404)","(681, 404)","(682.4688149688151, 718)"
"(585, 405)","(683, 404)","(691.753036437247, 674)"
"(585, 405)","(681, 404)","(706.4655870445345, 674)"
"(584, 403)","(683, 404)","(692.1415540540539, 661)"
"(584, 404)","(683, 404)","(707.8785425101214, 646)"
"(586, 403)","(682, 404)","(698.2342105263158, 636)"
"(584, 402)","(683, 403)","(692.9751066856329, 590)"
"(586, 404)","(683, 403)","(707.810472972973, 762)"
"(585, 405)","(684, 405)","(685.9459459459459, 765)"
Accuarcy Avg,43.342410403197285,N/A
Accuarcy,"[40.670273831284135, 42.96064002195651, 46.51246395136417, 46.93457927159154, 42.158133519860336, 44.23564777175089, 42.68562357371837, 48.14713297466921, 43.64999878294359, 42.4879439051322, 40.769088583062526, 42.77805827449819, 41.18450493755418, 42.26272733074419, 43.47989714614015, 42.467607631376005, 43.97960185420277, 43.39816903868448, 44.12339465905879, 43.54785698019077, 41.75727442735989]",N/A
Precision,0.025384185002594387,N/A
=====,=====,=====
"(588, 403)","(687, 404)","(765.3627311522048, 717)"
"(587, 404)","(685, 404)","(753.2390852390853, 718)"
"(587, 404)","(685, 404)","(731.06191369606, 682)"
"(587, 404)","(686, 404)","(760.6217948717949, 682)"
"(585, 403)","(684, 403)","(778.4583926031295, 626)"
"(587, 404)","(684, 403)","(796.4089615931722, 635)"
"(586, 405)","(684, 405)","(742.118758434548, 684)"
"(584, 405)","(683, 405)","(724.1221322537112, 720)"
"(587, 404)","(684, 405)","(752.6469161469162, 674)"
"(584, 405)","(683, 404)","(757.0367746288799, 728)"
"(586, 404)","(684, 405)","(758.8292847503374, 674)"
"(586, 405)","(684, 405)","(742.6925675675675, 684)"
"(589, 403)","(687, 405)","(801.5897435897435, 592)"
"(588, 404)","(686, 404)","(744.8859649122808, 667)"
"(587, 404)","(685, 404)","(719.7422037422037, 667)"
"(587, 404)","(687, 405)","(751.8276315789474, 719)"
"(588, 404)","(686, 404)","(738.09009009009, 667)"
"(588, 404)","(687, 404)","(768.3552631578947, 718)"
"(587, 403)","(686, 403)","(757.8353658536585, 615)"
"(589, 403)","(687, 403)","(762.4143049932524, 671)"
"(590, 402)","(687, 403)","(785.5230263157894, 594)"
"(588, 403)","(686, 403)","(728.1228070175439, 640)"
Accuarcy Avg,19.245415217917778,N/A
Accuarcy,"[18.79026386626328, 17.081888417746352, 14.987938078721424, 18.938831513053234, 24.421305389574318, 25.78032407593601, 16.37210409904817, 12.857204639166392, 18.27016735283569, 17.65582240241396, 19.071723453323177, 16.449541513448033, 29.219162251594657, 17.684947104048845, 14.562972432805378, 16.87930642113804, 16.83100736724159, 19.203357381094104, 23.18213526102043, 19.685243961941698, 27.577070918818237, 17.896816892958103]",N/A
Precision,0.011006921233295584,N/A
=====,=====,=====
"(593, 402)","(690, 403)","(805.2513157894737, 644)"
"(593, 403)","(692, 403)","(780.6498716302953, 640)"
"(593, 402)","(691, 404)","(770.0787992495309, 716)"
"(593, 403)","(691, 403)","(753.8270676691731, 671)"
"(592, 404)","(692, 404)","(817.4453441295547, 686)"
"(593, 403)","(691, 403)","(754.4202626641651, 604)"
"(593, 403)","(691, 405)","(789.8289473684209, 808)"
"(593, 403)","(692, 404)","(818.3192567567568, 717)"
"(593, 403)","(691, 403)","(824.0304878048781, 640)"
"(593, 402)","(692, 403)","(767.7918353576248, 563)"
"(593, 403)","(691, 403)","(777.2197802197803, 604)"
"(592, 404)","(689, 404)","(778.0432692307693, 865)"
"(591, 403)","(691, 402)","(786.1169480925579, 684)"
"(591, 403)","(690, 403)","(778.4538461538463, 671)"
"(592, 401)","(690, 401)","(772.5736842105263, 575)"
"(593, 401)","(691, 402)","(812.5956354300384, 584)"
"(593, 401)","(692, 402)","(807.3519736842105, 584)"
"(593, 402)","(693, 403)","(775.8302631578947, 644)"
"(593, 402)","(692, 402)","(780.8846153846155, 577)"
"(592, 402)","(690, 403)","(765.9993252361674, 715)"
"(593, 401)","(692, 401)","(775.2269736842105, 546)"
"(592, 401)","(693, 402)","(814.4656611039795, 562)"
Accuarcy Avg,28.58265396660337,N/A
Accuarcy,"[25.069053431218073, 28.05038701010751, 27.26741608806562, 29.89808162547415, 21.684538624091875, 32.63793745533876, 27.465408266087234, 21.031843405488182, 23.1727831845716, 33.95527010136155, 30.428755394738594, 32.263415295000506, 25.72448380185081, 27.03099336620046, 32.7391076791234, 28.553625379743565, 29.01751410354575, 28.39451549807866, 31.876229997915033, 27.768943108545784, 34.552760170899774, 30.235324277827416]",N/A
Precision,0.012488813145602119,N/A
=====,=====,=====
"(590, 401)","(690, 401)","(837.8947368421052, 592)"
"(591, 402)","(691, 402)","(844.0055440055442, 669)"
"(594, 401)","(692, 401)","(830.1294871794872, 510)"
"(592, 403)","(690, 402)","(815.7395411605938, 639)"
"(591, 402)","(690, 403)","(804.8388157894736, 679)"
"(591, 401)","(691, 401)","(838.2307692307693, 592)"
"(593, 402)","(692, 402)","(878.4951923076924, 678)"
"(591, 402)","(690, 402)","(810.8894230769231, 603)"
"(590, 402)","(691, 402)","(832.3906882591093, 683)"
"(593, 402)","(689, 403)","(827.1365384615385, 670)"
"(590, 401)","(689, 401)","(842.0304920304922, 535)"
"(591, 401)","(689, 402)","(853.0526315789474, 562)"
"(590, 402)","(688, 402)","(846.3947368421052, 678)"
"(589, 402)","(690, 402)","(864.317476383266, 669)"
"(588, 401)","(687, 402)","(839.375, 682)"
"(590, 402)","(689, 401)","(890.3807692307691, 588)"
"(586, 402)","(689, 402)","(819.5230263157895, 625)"
"(590, 402)","(691, 402)","(876.4736842105264, 638)"
"(591, 401)","(690, 403)","(898.5151821862348, 669)"
"(589, 401)","(688, 401)","(812.9888663967612, 510)"
"(590, 401)","(688, 401)","(868.5355263157896, 535)"
"(589, 401)","(688, 401)","(840.5413992297819, 561)"
Accuarcy Avg,50.693820201034924,N/A
Accuarcy,"[51.31350191184806, 49.982837100342245, 53.41120426585306, 51.972677648388, 52.303729915396275, 51.29388958591662, 47.604907068825334, 52.681437223163186, 50.62767055087589, 51.02953390123648, 52.217084973295286, 51.00675520163022, 49.76767353175356, 48.65084925785792, 50.193598912411005, 48.14184222219517, 51.90774153352106, 48.16960694270212, 46.24067637393691, 54.2547827760865, 50.75275528696627, 51.73928823856722]",N/A
Precision,0.023524671125226996,N/A
=====,=====,=====
"(588, 401)","(688, 400)","(862.2901484480433, 560)"
"(588, 401)","(688, 400)","(857.2986832986834, 535)"
"(590, 400)","(689, 400)","(880.7149122807018, 519)"
"(589, 402)","(689, 402)","(884.7692307692307, 603)"
"(590, 401)","(689, 400)","(902.8730263157894, 547)"
"(587, 400)","(690, 400)","(846.5941295546559, 570)"
"(589, 400)","(688, 400)","(862.5350877192982, 534)"
"(588, 400)","(689, 400)","(862.9659244264508, 560)"
"(588, 400)","(689, 400)","(879.7685560053981, 534)"
"(589, 400)","(690, 400)","(910.2792792792793, 494)"
"(587, 400)","(688, 400)","(868.1743421052632, 498)"
"(587, 401)","(690, 400)","(857.4727564102565, 611)"
"(589, 400)","(689, 400)","(892.2972972972973, 534)"
"(585, 401)","(687, 400)","(800.8578947368421, 560)"
"(590, 401)","(688, 400)","(879.595141700405, 560)"
"(587, 400)","(687, 399)","(860.9385964912282, 493)"
"(587, 400)","(689, 401)","(868.8552631578948, 560)"
"(586, 400)","(689, 400)","(822.0394736842105, 519)"
"(590, 399)","(691, 399)","(936.1153846153848, 493)"
"(588, 400)","(691, 400)","(881.5779352226721, 581)"
"(588, 399)","(689, 399)","(862.9659244264508, 471)"
"(589, 400)","(691, 400)","(920.4210526315791, 560)"
Accuarcy Avg,63.80039156869316,N/A
Accuarcy,"[63.97604392203669, 64.28776376620847, 63.73396355390992, 63.04462664913709, 62.83664162280549, 64.36937930209369, 64.14552189687596, 63.95626693815492, 63.64293674031048, 63.07864580172561, 64.26905908221126, 63.844459905814325, 63.26651897353796, 65.66649868154005, 63.460922710490195, 64.51244429448762, 63.78275683611501, 65.35951063559203, 62.28706105340712, 63.26678009055226, 64.65055131735708, 62.17026073688652]",N/A
Precision,0.053665241364680906,N/A
=====,=====,=====
"(571, 423)","(669, 425)","(668.1315789473684, 716)"
"(570, 423)","(668, 426)","(657.9358151476251, 686)"
"(569, 423)","(666, 426)","(640.0914634146342, 679)"
"(572, 425)","(670, 427)","(644.9152759948652, 719)"
"(571, 425)","(668, 428)","(642.1646341463414, 725)"
"(572, 424)","(671, 427)","(654.2105263157896, 718)"
"(573, 424)","(671, 427)","(685.8368421052631, 761)"
"(573, 424)","(670, 427)","(675.7516046213093, 718)"
"(574, 424)","(671, 427)","(661.6559691912707, 688)"
"(573, 423)","(670, 426)","(668.1416510318949, 679)"
"(573, 423)","(671, 426)","(677.4929396662388, 679)"
"(573, 423)","(671, 426)","(661.473076923077, 679)"
"(573, 423)","(671, 426)","(677.4929396662388, 716)"
"(573, 423)","(671, 426)","(661.473076923077, 686)"
"(573, 423)","(670, 426)","(659.0631868131868, 716)"
"(574, 424)","(671, 426)","(699.5825515947466, 717)"
"(574, 423)","(672, 426)","(693.7772785622594, 679)"
"(575, 423)","(672, 426)","(694.3340821566112, 627)"
"(574, 423)","(673, 426)","(663.9194480102697, 686)"
"(576, 423)","(674, 427)","(712.4518613607189, 691)"
"(574, 423)","(672, 426)","(654.9697368421052, 759)"
Accuarcy Avg,44.934391664943035,N/A
Accuarcy,"[44.2382026726388, 44.86484441415333, 44.06948788946282, 42.484987910418404, 42.014834906343914, 43.187722216457644, 43.865444336824936, 44.67856466826416, 45.010844908571805, 45.81507806134316, 46.38590269767124, 45.40437671884112, 44.87506154185486, 45.088783989947956, 43.612828239428495, 46.30560405359125, 47.36456356600847, 49.50685602827592, 45.2431531358102, 48.030000352790026, 41.57508265510523]",N/A
Precision,0.025271956350869974,N/A
=====,=====,=====
"(577, 423)","(675, 426)","(713.5917843388961, 724)"
"(577, 423)","(675, 426)","(713.5917843388961, 686)"
"(578, 422)","(676, 426)","(723.525, 686)"
"(576, 422)","(674, 425)","(721.2171052631579, 677)"
"(576, 421)","(673, 425)","(704.2059210526315, 756)"
"(575, 422)","(673, 424)","(711.3119383825417, 646)"
"(575, 422)","(673, 425)","(688.0421052631579, 685)"
"(576, 422)","(674, 425)","(691.2681912681911, 685)"
"(577, 422)","(676, 425)","(729.4422336328627, 685)"
"(577, 422)","(675, 425)","(690.2473684210527, 722)"
"(578, 422)","(676, 425)","(714.7317073170732, 677)"
"(579, 422)","(677, 426)","(708.1526315789473, 720)"
"(578, 422)","(677, 425)","(725.1203032300594, 685)"
"(578, 421)","(675, 424)","(683.2236486486487, 645)"
"(578, 421)","(677, 425)","(708.4144736842105, 655)"
"(577, 422)","(677, 425)","(731.2317073170732, 715)"
"(580, 422)","(678, 425)","(718.675, 646)"
"(580, 423)","(678, 426)","(747.6944801026958, 686)"
"(578, 422)","(677, 426)","(718.2331081081081, 686)"
"(579, 422)","(677, 425)","(717.5324324324324, 677)"
"(578, 421)","(676, 424)","(714.7317073170732, 614)"
Accuarcy Avg,31.723869323092487,N/A
Accuarcy,"[27.365947277680284, 31.55031892028761, 31.935089246748852, 32.77888266792795, 23.160574214558196, 35.59555724867462, 30.868257865575043, 30.951332916286795, 32.28529700184519, 26.64900528096745, 32.54304638925665, 27.57447867277044, 32.10432198853522, 35.05920230971137, 34.61257664003238, 29.234371465087982, 35.809278156467364, 33.02450224766739, 31.725160380948154, 32.642898699640874, 38.73115619427236]",N/A
Precision,0.013858906454939519,N/A
=====,=====,=====
"(577, 421)","(676, 423)","(745.9290757381258, 644)"
"(580, 420)","(679, 422)","(742.9756578947369, 642)"
"(582, 420)","(681, 424)","(751.8822207958922, 682)"
"(581, 420)","(681, 423)","(744.746052631579, 643)"
"(584, 420)","(682, 424)","(756.1783783783784, 644)"
"(583, 420)","(682, 424)","(772.6756756756756, 682)"
"(581, 419)","(680, 423)","(727.5638157894737, 631)"
"(582, 420)","(680, 423)","(736.7351351351351, 711)"
"(581, 420)","(679, 423)","(752.5945945945946, 711)"
"(581, 419)","(680, 423)","(770.2324324324325, 681)"
"(582, 420)","(681, 423)","(764.977130977131, 643)"
"(582, 420)","(682, 423)","(769.1091142490371, 643)"
"(582, 420)","(681, 423)","(738.5989864864864, 682)"
"(582, 419)","(682, 423)","(778.357894736842, 681)"
"(582, 419)","(682, 422)","(756.2648648648649, 710)"
"(582, 419)","(681, 423)","(735.2637997432606, 715)"
"(581, 419)","(681, 423)","(739.2932432432433, 642)"
"(582, 419)","(681, 423)","(738.5989864864864, 681)"
"(581, 419)","(680, 422)","(737.4293918918918, 642)"
"(582, 419)","(681, 422)","(787.241554054054, 642)"
"(582, 419)","(681, 423)","(751.8822207958922, 681)"
Accuarcy Avg,40.19075309745075,N/A
Accuarcy,"[42.158937774191685, 42.450615759364815, 39.27465572095189, 42.28903926813778, 41.60048861208643, 37.949338899666564, 43.967386165502504, 38.438393528151586, 37.28371099557273, 38.1761185347573, 41.19716669242282, 40.97807975131136, 40.13230255012882, 37.667783450627425, 37.08431267658739, 38.301372101739105, 42.65158539912472, 40.1960742185466, 42.75355308748354, 40.11285183355517, 39.34204802655559]",N/A
Precision,0.023579243012086054,N/A
=====,=====,=====
"(583, 418)","(682, 422)","(782.4064449064448, 672)"
"(582, 419)","(683, 422)","(801.7891527599487, 642)"
"(582, 419)","(681, 422)","(804.3091216216217, 672)"
"(583, 419)","(683, 422)","(801.010395010395, 710)"
"(585, 418)","(684, 422)","(808.1300675675676, 672)"
"(583, 418)","(682, 421)","(768.4996790757381, 615)"
"(584, 418)","(683, 422)","(783.6434511434511, 679)"
"(584, 418)","(684, 421)","(808.7783783783783, 640)"
"(583, 418)","(683, 421)","(774.5695945945946, 671)"
"(583, 418)","(682, 422)","(788.4881756756756, 714)"
"(583, 418)","(681, 422)","(797.99306999307, 679)"
"(583, 418)","(682, 422)","(805.5827702702703, 672)"
"(582, 419)","(682, 422)","(790.4940587867418, 642)"
"(583, 419)","(682, 423)","(794.7861842105262, 681)"
"(583, 419)","(682, 422)","(794.7861842105262, 642)"
"(583, 419)","(682, 422)","(772.6756756756756, 710)"
"(584, 418)","(683, 422)","(806.856418918919, 610)"
"(583, 419)","(681, 422)","(789.703564727955, 642)"
"(584, 419)","(682, 422)","(799.2557172557173, 710)"
"(583, 418)","(683, 422)","(795.4144736842105, 632)"
"(584, 418)","(683, 421)","(806.856418918919, 640)"
Accuarcy Avg,55.71270466826891,N/A
Accuarcy,"[56.04503238465177, 55.85136855250882, 55.05867663850638, 54.426115089661316, 54.88232925968703, 57.81213473422772, 55.84961989178569, 55.59608092726035, 56.4075592883636, 54.95740722879801, 55.19827888075868, 55.00003650292517, 56.33352047997357, 55.30387803355971, 56.15143152278008, 55.771225360149145, 56.410301375025966, 56.366905913466674, 54.51177028209714, 56.353665035935016, 55.679460651525424]",N/A
Precision,0.061268897312479885,N/A
=====,=====,=====
"(584, 417)","(683, 421)","(839.8155405405406, 670)"
"(585, 418)","(684, 421)","(846.5565789473684, 640)"
"(583, 417)","(682, 420)","(827.2434210526316, 669)"
"(583, 417)","(682, 421)","(817.2159820282415, 712)"
"(584, 417)","(683, 421)","(839.8155405405406, 678)"
"(583, 417)","(683, 421)","(834.5198973042362, 712)"
"(583, 418)","(682, 421)","(822.6773648648649, 708)"
"(582, 418)","(682, 421)","(810.7894736842105, 708)"
"(584, 417)","(682, 421)","(822.2165991902834, 670)"
"(582, 416)","(682, 420)","(837.827027027027, 705)"
"(580, 417)","(679, 420)","(807.5822368421053, 669)"
"(580, 417)","(680, 420)","(813.9858793324777, 669)"
"(582, 416)","(680, 420)","(830.6681643132222, 676)"
"(580, 416)","(680, 419)","(840.5526315789474, 705)"
"(580, 416)","(678, 419)","(817.4246404002502, 705)"
"(579, 416)","(678, 419)","(806.2993421052632, 675)"
"(581, 417)","(681, 419)","(809.5065789473684, 675)"
"(580, 417)","(680, 420)","(798.6200256739411, 669)"
"(580, 416)","(680, 420)","(845.6538461538462, 676)"
"(578, 416)","(678, 419)","(799.6194331983806, 637)"
"(579, 417)","(678, 419)","(822.0118421052631, 705)"
Accuarcy Avg,65.44093090868107,N/A
Accuarcy,"[65.10604706924674, 65.18365830319819, 65.44132942079347, 65.40096014864993, 65.04310177334025, 64.94005776595925, 65.28299619894011, 65.59312443841286, 65.56250698119771, 64.89800175781279, 65.93809585855551, 65.7782779731389, 65.29915544939549, 64.82392855472175, 65.44025495153863, 65.92711149024508, 65.84706291040307, 66.15863052975567, 64.90300534898758, 66.37205604932578, 65.32018610868366]",N/A
Precision,0.11200461356456447,N/A
=====,=====,=====
END,TEST,HERE
